url_path,title,word_count,text_excerpt_300,full_text_path
/about/,About · Create A Van Life,178,"About 1 January 0001 · 1 min Table of Contents Table of Contents I have lived full-time in a van for 7 years. The first build was expensive, overcomplicated, and full of purchases I did not need. The second build was different: budget-first, modular, and tested by actual daily use. Create A Van Life",audit/text/about.txt
/affiliates/,Deals + Partner Stores · Create A Van Life,81,"Deals + Partner Stores 1 January 0001 · 1 min Disclosure: Some links may be affiliate links. If you buy, we may earn a commission at no extra cost to you. These are partner stores we use to monitor pricing and availability. Renogy: Link coming soon Bluetti: Link coming soon Amazon Van Gear: Link com",audit/text/affiliates.txt
/best-of/best-fast-charging-power-stations/,Best Fast-Charging Power Stations for Van Life (700Wh+ Recovery-First Picks) · Create A Van Life,1270,Best Fast-Charging Power Stations for Van Life (700Wh+ Recovery-First Picks) 22 February 2026 · 6 mins Categories/Power Tags/Van-Life Tags/Portable Power Station Tags/Fast Charging Tags/Recovery Tags/Power Planning Categories/Power Tags/Van-Life Tags/Portable Power Station Tags/Fast Charging Tags/Re,audit/text/best-of__best-fast-charging-power-stations.txt
/best-of/best-fast-charging-power-stations-under-1000/,Best Fast-Charging Power Stations Under $1000 (700Wh+ Recovery-First Picks) · Create A Van Life,1040,Best Fast-Charging Power Stations Under $1000 (700Wh+ Recovery-First Picks) 22 February 2026 · 5 mins Categories/Power Tags/Van-Life Tags/Portable Power Station Tags/Fast Charging Tags/Recovery Tags/Budget Tags/Best-Of Categories/Power Tags/Van-Life Tags/Portable Power Station Tags/Fast Charging Tag,audit/text/best-of__best-fast-charging-power-stations-under-1000.txt
/best-of/best-van-fans/,Best Van Fans and Ventilation Setups · Create A Van Life,205,"Best Van Fans and Ventilation Setups 21 February 2026 · 2 mins Categories/Best-Of Tags/Ventilation Tags/Fans Tags/Comfort Categories/Best-Of Tags/Ventilation Tags/Fans Tags/Comfort Table of Contents Table of Contents Ventilation is not optional. It protects sleep quality, reduces mold risk, and keep",audit/text/best-of__best-van-fans.txt
/best-of/budget-build-tools/,Best Budget Build Tools for a First Van Conversion · Create A Van Life,219,Best Budget Build Tools for a First Van Conversion 21 February 2026 · 2 mins Categories/Best-Of Tags/Tools Tags/Van-Build Tags/Budget Categories/Best-Of Tags/Tools Tags/Van-Build Tags/Budget Table of Contents Table of Contents You do not need a garage full of tools for a strong first build. You need,audit/text/best-of__budget-build-tools.txt
/best-of/high-capacity-power-stations/,Best High-Capacity Portable Power Stations for Van Life · Create A Van Life,336,Best High-Capacity Portable Power Stations for Van Life 22 February 2026 · 3 mins Categories/Best-Of Tags/Power Tags/Portable Power Tags/Lifepo4 Tags/Van-Life Categories/Best-Of Tags/Power Tags/Portable Power Tags/Lifepo4 Tags/Van-Life Table of Contents Table of Contents High-capacity portable stati,audit/text/best-of__high-capacity-power-stations.txt
/best-of/,Best Of Guides · Create A Van Life,302,"Feb 22, 2026 best-of Best High-Capacity Portable Power Stations for Van Life A system-tier guide for van lifers who need large-capacity portable power with faster recharge and longer run time. See Picks Feb 22, 2026 best-of Best Fast-Charging Power Stations Under $1000 (700Wh+ Recovery-First Picks) ",audit/text/best-of.txt
/best-of/page/1/,https://example.com/best-of/,0,,audit/text/best-of__page__1.txt
/best-of/power-stations-under-500/,Portable Power Stations Under $500 for Van Life · Create A Van Life,1065,Portable Power Stations Under $500 for Van Life 21 February 2026 · 5 mins Categories/Best-Of Tags/Power Tags/Battery Tags/Budget Tags/Van-Life Tags/Portable Power Categories/Best-Of Tags/Power Tags/Battery Tags/Budget Tags/Van-Life Tags/Portable Power Table of Contents Table of Contents Portable pow,audit/text/best-of__power-stations-under-500.txt
/best-of/van-internet/,Best Internet Setup for Van Life · Create A Van Life,215,Best Internet Setup for Van Life 21 February 2026 · 2 mins Categories/Best-Of Tags/Internet Tags/Wifi Tags/Remote Work Categories/Best-Of Tags/Internet Tags/Wifi Tags/Remote Work Table of Contents Table of Contents The best van internet setup is not one device. It is a layered strategy: carrier dive,audit/text/best-of__van-internet.txt
/best-of/van-kitchen/,Best Budget Van Kitchen Gear · Create A Van Life,207,Best Budget Van Kitchen Gear 21 February 2026 · 2 mins Categories/Best-Of Tags/Kitchen Tags/Cooking Tags/Budget Categories/Best-Of Tags/Kitchen Tags/Cooking Tags/Budget Table of Contents Table of Contents A smart van kitchen should reduce daily spend and friction. Complicated builds often fail becau,audit/text/best-of__van-kitchen.txt
/best-of/van-solar/,Best Budget Solar for Van Life · Create A Van Life,248,Best Budget Solar for Van Life 21 February 2026 · 3 mins Categories/Best-Of Tags/Solar Tags/Power Tags/Budget Categories/Best-Of Tags/Solar Tags/Power Tags/Budget Table of Contents Table of Contents If you want the quick answer: most budget builders should start with a 200W to 400W system paired wit,audit/text/best-of__van-solar.txt
/blog/alternator-charging-for-power-stations/,Alternator Charging for Portable Power Stations · Create A Van Life,155,Alternator Charging for Portable Power Stations 22 February 2026 · 1 min Categories/Blog Tags/Power Tags/Alternator Tags/Charging Tags/Van-Life Categories/Blog Tags/Power Tags/Alternator Tags/Charging Tags/Van-Life Table of Contents Table of Contents Alternator charging is often the fastest way to s,audit/text/blog__alternator-charging-for-power-stations.txt
/blog/budget-kitchen-setup-for-van-life/,Budget Kitchen Setup for Van Life · Create A Van Life,114,Budget Kitchen Setup for Van Life 21 February 2026 · 1 min Categories/Blog Tags/Kitchen Tags/Cooking Tags/Budget Categories/Blog Tags/Kitchen Tags/Cooking Tags/Budget Table of Contents Table of Contents A practical kitchen cuts food costs and keeps road life sustainable. Core Setup # Two-burner stov,audit/text/blog__budget-kitchen-setup-for-van-life.txt
/blog/budget-van-electrical-simple-vs-diy/,Budget Van Electrical: Simple vs DIY · Create A Van Life,144,"Budget Van Electrical: Simple vs DIY 21 February 2026 · 1 min Categories/Blog Tags/Electrical Tags/Budget Tags/Power Categories/Blog Tags/Electrical Tags/Budget Tags/Power Table of Contents Table of Contents The right electrical strategy depends on your actual usage, not social media build standards",audit/text/blog__budget-van-electrical-simple-vs-diy.txt
/blog/how-many-watt-hours-do-i-need/,How Many Watt-Hours Do I Need in a Van? · Create A Van Life,210,"How Many Watt-Hours Do I Need in a Van? 22 February 2026 · 1 min Categories/Blog Tags/Power Tags/Watt-Hours Tags/Planning Tags/Van-Life Categories/Blog Tags/Power Tags/Watt-Hours Tags/Planning Tags/Van-Life Table of Contents Table of Contents Sizing your system starts with daily behavior, not produc",audit/text/blog__how-many-watt-hours-do-i-need.txt
/blog/how-much-solar-do-you-need-in-a-van/,How Much Solar Do You Need in a Van? · Create A Van Life,139,"How Much Solar Do You Need in a Van? 21 February 2026 · 1 min Categories/Blog Tags/Solar Tags/Power Tags/Van-Build Categories/Blog Tags/Solar Tags/Power Tags/Van-Build Table of Contents Table of Contents Most people should estimate usage first, then choose solar. Start with a daily load list in watt",audit/text/blog__how-much-solar-do-you-need-in-a-van.txt
/blog/how-to-start-van-life-on-a-budget/,How to Start Van Life on a Budget · Create A Van Life,199,How to Start Van Life on a Budget 21 February 2026 · 1 min Categories/Blog Tags/Budget Tags/Beginner Tags/Van-Life Categories/Blog Tags/Budget Tags/Beginner Tags/Van-Life Table of Contents Table of Contents Starting van life on a budget is mostly about sequencing. People overspend when they buy comf,audit/text/blog__how-to-start-van-life-on-a-budget.txt
/blog/,Van Life Blog · Create A Van Life,432,"Feb 22, 2026 blog Solar Input Explained for Portable Power Stations Understand solar input limits, panel matching, and practical expectations for van-based portable power systems. Read More Feb 22, 2026 blog Portable Power vs Full Electrical Build How to choose between a portable power station strat",audit/text/blog.txt
/blog/page/1/,https://example.com/blog/,0,,audit/text/blog__page__1.txt
/blog/portable-power-stations-vs-full-electrical-build/,Portable Power Stations vs Full Electrical Build · Create A Van Life,144,"Portable Power Stations vs Full Electrical Build 21 February 2026 · 1 min Categories/Blog Tags/Power Tags/Electrical Tags/Budget Categories/Blog Tags/Power Tags/Electrical Tags/Budget Table of Contents Table of Contents This decision controls budget, build timeline, and failure risk. Power Station W",audit/text/blog__portable-power-stations-vs-full-electrical-build.txt
/blog/portable-power-vs-full-electrical-build/,Portable Power vs Full Electrical Build · Create A Van Life,218,"Portable Power vs Full Electrical Build 22 February 2026 · 1 min Categories/Blog Tags/Power Tags/Electrical Tags/Build-Planning Tags/Van-Life Categories/Blog Tags/Power Tags/Electrical Tags/Build-Planning Tags/Van-Life Table of Contents Table of Contents This decision should follow your use pattern,",audit/text/blog__portable-power-vs-full-electrical-build.txt
/blog/remote-work-from-your-van-inexpensive-setup/,Remote Work From Your Van: Inexpensive Setup · Create A Van Life,270,"Remote Work From Your Van: Inexpensive Setup 15 February 2026 · 2 mins Table of Contents Table of Contents Remote Work From Your Van: Inexpensive Setup # Working from the road is possible without a premium build. The key is choosing remote work gear for van life that improves reliability first, then",audit/text/blog__remote-work-from-your-van-inexpensive-setup.txt
/blog/solar-input-explained-for-power-stations/,Solar Input Explained for Portable Power Stations · Create A Van Life,171,"Solar Input Explained for Portable Power Stations 22 February 2026 · 1 min Categories/Blog Tags/Power Tags/Solar Tags/Charging Tags/Van-Life Categories/Blog Tags/Power Tags/Solar Tags/Charging Tags/Van-Life Table of Contents Table of Contents Solar input is useful, but it is only reliable when panel",audit/text/blog__solar-input-explained-for-power-stations.txt
/blog/solar-power-for-van-life-beginners/,Solar Power for Van Life Beginners · Create A Van Life,284,"Solar Power for Van Life Beginners 10 February 2026 · 2 mins Table of Contents Table of Contents Solar Power for Van Life Beginners # Power is one of the first problems new van lifers face. Learning van life solar basics helps you avoid overspending and still keep your lights, devices, and small app",audit/text/blog__solar-power-for-van-life-beginners.txt
/blog/tools-youll-actually-use-in-a-first-build/,Tools You’ll Actually Use in a First Build · Create A Van Life,121,Tools You’ll Actually Use in a First Build 21 February 2026 · 1 min Categories/Blog Tags/Tools Tags/Van-Build Tags/Budget Categories/Blog Tags/Tools Tags/Van-Build Tags/Budget Table of Contents Table of Contents The fastest way to overspend on a build is buying every tool recommended online. Buy Fir,audit/text/blog__tools-youll-actually-use-in-a-first-build.txt
/blog/top-10-budget-van-conversion-tools/,Top 10 Budget Van Conversion Tools · Create A Van Life,302,Top 10 Budget Van Conversion Tools 5 February 2026 · 2 mins Table of Contents Table of Contents Top 10 Budget Van Conversion Tools # You can complete most builds with a short list of reliable tools. The goal is not buying premium brands; the goal is buying the right tool once and using it well. Why ,audit/text/blog__top-10-budget-van-conversion-tools.txt
/blog/van-internet-what-actually-works-off-grid/,Van Internet: What Actually Works Off-Grid · Create A Van Life,121,"Van Internet: What Actually Works Off-Grid 21 February 2026 · 1 min Categories/Blog Tags/Internet Tags/Wifi Tags/Remote Work Categories/Blog Tags/Internet Tags/Wifi Tags/Remote Work Table of Contents Table of Contents Reliable van internet comes from layered redundancy, not one magic device. Baselin",audit/text/blog__van-internet-what-actually-works-off-grid.txt
/blog/ventilation-mistakes-new-van-lifers-make/,Ventilation Mistakes New Van Lifers Make · Create A Van Life,132,Ventilation Mistakes New Van Lifers Make 21 February 2026 · 1 min Categories/Blog Tags/Ventilation Tags/Comfort Tags/Van-Build Categories/Blog Tags/Ventilation Tags/Comfort Tags/Van-Build Table of Contents Table of Contents Bad airflow causes more daily frustration than most first-time builders expe,audit/text/blog__ventilation-mistakes-new-van-lifers-make.txt
/bluetti/,Bluetti for Van Life: Climate-Tested Picks + Fast Recovery Reality · Create A Van Life,0,,audit/text/bluetti.txt
/bluetti/page/1/,https://example.com/bluetti/,0,,audit/text/bluetti__page__1.txt
/bluetti-fast-charging/,Bluetti Fast Charging for Van Life: The Recovery-First Guide · Create A Van Life,1231,Bluetti Fast Charging for Van Life: The Recovery-First Guide 22 February 2026 · 6 mins Categories/Power Tags/Bluetti Categories/Brand: Bluetti Tags/Fast Charging Tags/Van-Life Tags/Charging Tags/Alternator Charging Tags/Solar Categories/Power Categories/Brand: Bluetti Tags/Bluetti Tags/Fast Charging,audit/text/bluetti-fast-charging.txt
/bluetti-vs-ecoflow/,BLUETTI vs EcoFlow for Van Life · Create A Van Life,88,BLUETTI vs EcoFlow for Van Life 22 February 2026 · 1 min Categories/Power Tags/Van-Life Categories/Comparisons Tags/Bluetti Tags/Ecoflow Tags/Portable Power Station Categories/Power Categories/Comparisons Tags/Van-Life Tags/Bluetti Tags/Ecoflow Tags/Portable Power Station This comparison page is in ,audit/text/bluetti-vs-ecoflow.txt
/categories/best-of/,Categories/Best-Of · Create A Van Life,827,Best High-Capacity Portable Power Stations for Van Life 22 February 2026 · 3 mins Categories/Best-Of Tags/Power Tags/Portable Power Tags/Lifepo4 Tags/Van-Life Categories/Best-Of Tags/Power Tags/Portable Power Tags/Lifepo4 Tags/Van-Life High-capacity portable stations are for van setups that have mov,audit/text/categories__best-of.txt
/categories/best-of/page/1/,https://example.com/categories/best-of/,0,,audit/text/categories__best-of__page__1.txt
/categories/blog/,Categories/Blog · Create A Van Life,797,"Solar Input Explained for Portable Power Stations 22 February 2026 · 1 min Categories/Blog Tags/Power Tags/Solar Tags/Charging Tags/Van-Life Categories/Blog Tags/Power Tags/Solar Tags/Charging Tags/Van-Life Solar input is useful, but it is only reliable when panel sizing, weather assumptions, and ch",audit/text/categories__blog.txt
/categories/blog/page/1/,https://example.com/categories/blog/,0,,audit/text/categories__blog__page__1.txt
/categories/blog/page/2/,Categories/Blog · Create A Van Life,139,"Budget Van Electrical: Simple vs DIY 21 February 2026 · 1 min Categories/Blog Tags/Electrical Tags/Budget Tags/Power Categories/Blog Tags/Electrical Tags/Budget Tags/Power The right electrical strategy depends on your actual usage, not social media build standards. Simple System (Power Station) # Be",audit/text/categories__blog__page__2.txt
/categories/brand-bluetti/,Categories/Brand: Bluetti · Create A Van Life,312,Bluetti for Van Life: Climate-Tested Picks + Fast Recovery Reality 22 February 2026 · 3 mins Categories/Power Tags/Bluetti Categories/Brand: Bluetti Tags/Van-Life Tags/Fast Charging Tags/Portable Power Categories/Power Categories/Brand: Bluetti Tags/Bluetti Tags/Van-Life Tags/Fast Charging Tags/Port,audit/text/categories__brand-bluetti.txt
/categories/brand-bluetti/page/1/,https://example.com/categories/brand-bluetti/,0,,audit/text/categories__brand-bluetti__page__1.txt
/categories/comparisons/,Categories/Comparisons · Create A Van Life,69,BLUETTI vs EcoFlow for Van Life 22 February 2026 · 1 min Categories/Power Tags/Van-Life Categories/Comparisons Tags/Bluetti Tags/Ecoflow Tags/Portable Power Station Categories/Power Categories/Comparisons Tags/Van-Life Tags/Bluetti Tags/Ecoflow Tags/Portable Power Station This comparison page is in ,audit/text/categories__comparisons.txt
/categories/comparisons/page/1/,https://example.com/categories/comparisons/,0,,audit/text/categories__comparisons__page__1.txt
/categories/electrical-planning/,Categories/Electrical Planning · Create A Van Life,72,What 700Wh Actually Runs in a Van 22 February 2026 · 1 min Categories/Power Tags/Van-Life Categories/Electrical Planning Tags/700wh Tags/Portable Power Station Categories/Power Categories/Electrical Planning Tags/Van-Life Tags/700wh Tags/Portable Power Station This guide is in progress. Use these re,audit/text/categories__electrical-planning.txt
/categories/electrical-planning/page/1/,https://example.com/categories/electrical-planning/,0,,audit/text/categories__electrical-planning__page__1.txt
/categories/gear/,Categories/Gear · Create A Van Life,1149,Goal Zero Yeti 1400 Legacy Review (2018 Era) 22 February 2026 · 2 mins Categories/Gear Tags/Power Tags/Legacy-Gear Tags/Goal-Zero Tags/Van-Life Categories/Gear Tags/Power Tags/Legacy-Gear Tags/Goal-Zero Tags/Van-Life The Goal Zero Yeti 1400 was a meaningful step in 2018 when plug-and-play options we,audit/text/categories__gear.txt
/categories/gear/page/1/,https://example.com/categories/gear/,0,,audit/text/categories__gear__page__1.txt
/categories/gear/page/2/,Categories/Gear · Create A Van Life,901,"Kenwood DNX574S Review (Plus Modern Alternatives) 21 February 2026 · 1 min Categories/Gear Tags/Navigation Tags/Electronics Tags/Remote Work Tags/Promaster Categories/Gear Tags/Navigation Tags/Electronics Tags/Remote Work Tags/Promaster The DNX574S has been a known option in van conversions, but age",audit/text/categories__gear__page__2.txt
/categories/,Categories · Create A Van Life,278,Tags/700wh · 1 Tags/Ac Power · 2 Tags/Alternator · 2 Tags/Alternator Charging · 4 Tags/Bad Week · 1 Tags/Bathroom · 1 Tags/Battery · 2 Tags/Battery Capacity · 1 Tags/Beginner · 2 Tags/Best-Of · 8 Categories/Blog · 12 Tags/Bluetti · 4 Categories/Brand: Bluetti · 3 Tags/Budget · 22 Tags/Build-Planning,audit/text/categories.txt
/categories/power/,Categories/Power · Create A Van Life,947,Workday Power Boundaries: Keep Remote Work Stable in Van Life 22 February 2026 · 5 mins Categories/Power Tags/Van-Life Tags/Remote Work Tags/Workflow Tags/Recovery Tags/Power Planning Categories/Power Tags/Van-Life Tags/Remote Work Tags/Workflow Tags/Recovery Tags/Power Planning Remote work in a van,audit/text/categories__power.txt
/categories/power/page/1/,https://example.com/categories/power/,0,,audit/text/categories__power__page__1.txt
/categories/power/page/2/,Categories/Power · Create A Van Life,1046,Van Power Recovery Stack: A Step-by-Step System for Stable Van Life Power 22 February 2026 · 4 mins Categories/Power Tags/Van-Life Tags/Power Planning Tags/Recovery Tags/Workflow Tags/Portable Power Station Categories/Power Tags/Van-Life Tags/Power Planning Tags/Recovery Tags/Workflow Tags/Portable ,audit/text/categories__power__page__2.txt
/categories/power/page/3/,Categories/Power · Create A Van Life,940,Shared Van Power Rules for Couples: A Simple Agreement That Prevents Daily Stress 22 February 2026 · 4 mins Categories/Power Tags/Van-Life Tags/Couples Tags/Workflow Tags/Power Planning Tags/Communication Categories/Power Tags/Van-Life Tags/Couples Tags/Workflow Tags/Power Planning Tags/Communicatio,audit/text/categories__power__page__3.txt
/categories/power/page/4/,Categories/Power · Create A Van Life,1004,How to Survive a Cloudy Week in Van Life Without Power Stress 22 February 2026 · 5 mins Categories/Power Tags/Van-Life Tags/Cloudy Weather Tags/Solar Tags/Fast Charging Tags/Power Planning Tags/Alternator Charging Categories/Power Tags/Van-Life Tags/Cloudy Weather Tags/Solar Tags/Fast Charging Tags/,audit/text/categories__power__page__4.txt
/categories/power/page/5/,Categories/Power · Create A Van Life,334,"BLUETTI Elite 200 V2 Review for Van Life: Fast Recovery, Real Breathing Room 22 February 2026 · 6 mins Categories/Power Tags/Van-Life Categories/Brand: Bluetti Tags/Portable Power Station Tags/Fast Charging Tags/Bluetti Categories/Power Categories/Brand: Bluetti Tags/Van-Life Tags/Portable Power Sta",audit/text/categories__power__page__5.txt
/categories/start-here/,Categories/Start-Here · Create A Van Life,167,"Start Here 1 January 0001 · 1 min Tags/Beginner Categories/Start-Here Tags/Budget Categories/Start-Here Tags/Beginner Tags/Budget Van Life Starter Checklist # If you are new, do these in order: Choose a reliable van and reserve a maintenance buffer. Build only essentials first: sleep, airflow, basic",audit/text/categories__start-here.txt
/categories/start-here/page/1/,https://example.com/categories/start-here/,0,,audit/text/categories__start-here__page__1.txt
/cloudy-week-power-recovery-plan/,How to Survive a Cloudy Week in Van Life Without Power Stress · Create A Van Life,936,How to Survive a Cloudy Week in Van Life Without Power Stress 22 February 2026 · 5 mins Categories/Power Tags/Van-Life Tags/Cloudy Weather Tags/Solar Tags/Fast Charging Tags/Power Planning Tags/Alternator Charging Categories/Power Tags/Van-Life Tags/Cloudy Weather Tags/Solar Tags/Fast Charging Tags/,audit/text/cloudy-week-power-recovery-plan.txt
/cook-or-conserve-power-decision-guide/,Cook or Conserve? A Van Life Power Decision Guide for Electric Cooking Days · Create A Van Life,729,Cook or Conserve? A Van Life Power Decision Guide for Electric Cooking Days 22 February 2026 · 4 mins Categories/Power Tags/Van-Life Tags/Cooking Tags/Power Planning Tags/Workflow Tags/Portable Power Station Categories/Power Tags/Van-Life Tags/Cooking Tags/Power Planning Tags/Workflow Tags/Portable ,audit/text/cook-or-conserve-power-decision-guide.txt
/daily-van-power-mode-system/,"Daily Van Power Mode System: Normal, Conservation, and Recovery (A Simple Routine) · Create A Van Life",810,"Daily Van Power Mode System: Normal, Conservation, and Recovery (A Simple Routine) 22 February 2026 · 4 mins Categories/Power Tags/Van-Life Tags/Power Planning Tags/Workflow Tags/Recovery Tags/Checklist Categories/Power Tags/Van-Life Tags/Power Planning Tags/Workflow Tags/Recovery Tags/Checklist Tab",audit/text/daily-van-power-mode-system.txt
/dc-vs-ac-in-van-life-workflows/,DC vs AC in Van Life Workflows: How to Stretch Your Power Without Buying More · Create A Van Life,897,DC vs AC in Van Life Workflows: How to Stretch Your Power Without Buying More 22 February 2026 · 4 mins Categories/Power Tags/Van-Life Tags/Dc Power Tags/Ac Power Tags/Power Planning Tags/Portable Power Station Tags/Workflow Categories/Power Tags/Van-Life Tags/Dc Power Tags/Ac Power Tags/Power Plann,audit/text/dc-vs-ac-in-van-life-workflows.txt
/deals/,Deals · Create A Van Life,0,,audit/text/deals.txt
/deals/page/1/,https://example.com/deals/,0,,audit/text/deals__page__1.txt
/fast-charging-power-station-buyer-checklist/,"Fast-Charging Power Station Buyer Checklist (Van Life, Recovery-First) · Create A Van Life",433,"Fast-Charging Power Station Buyer Checklist (Van Life, Recovery-First) 22 February 2026 · 2 mins Categories/Power Tags/Van-Life Tags/Power Stations Tags/Fast Charging Tags/Buyer Checklist Tags/Recovery Categories/Power Tags/Van-Life Tags/Power Stations Tags/Fast Charging Tags/Buyer Checklist Tags/Re",audit/text/fast-charging-power-station-buyer-checklist.txt
/fast-charging-vs-bigger-battery/,Fast Charging vs a Bigger Battery: What Actually Fixes Van Power Instability? · Create A Van Life,349,Fast Charging vs a Bigger Battery: What Actually Fixes Van Power Instability? 22 February 2026 · 2 mins Categories/Power Tags/Van-Life Tags/Fast Charging Tags/Battery Capacity Tags/Recovery Tags/Power Stations Tags/Upgrades Categories/Power Tags/Van-Life Tags/Fast Charging Tags/Battery Capacity Tags,audit/text/fast-charging-vs-bigger-battery.txt
/gear/anker-solix-c1000-review/,Anker SOLIX C1000 Review for Van Life · Create A Van Life,294,Anker SOLIX C1000 Review for Van Life 22 February 2026 · 2 mins Categories/Gear Tags/Power Tags/Portable Power Tags/Lifepo4 Tags/Review Categories/Gear Tags/Power Tags/Portable Power Tags/Lifepo4 Tags/Review Table of Contents Table of Contents The Anker SOLIX C1000 is built for users who need strong,audit/text/gear__anker-solix-c1000-review.txt
/gear/best-budget-solar-power-kits/,Best Budget Solar Power Kits (Quick Picks) · Create A Van Life,116,Best Budget Solar Power Kits (Quick Picks) 21 February 2026 · 1 min Categories/Gear Tags/Solar Tags/Budget Tags/Power Categories/Gear Tags/Solar Tags/Budget Tags/Power Need the fast version? Start with a 200W modular kit and expand only after 30 days of real usage. Disclosure: Some links may be affi,audit/text/gear__best-budget-solar-power-kits.txt
/gear/bluetti-charger-1-alternator-charger-review/,Bluetti Charger 1 Alternator Charger Review · Create A Van Life,226,Bluetti Charger 1 Alternator Charger Review 21 February 2026 · 1 min Categories/Gear Tags/Alternator Tags/Charging Tags/Power Tags/Van-Build Categories/Gear Tags/Alternator Tags/Charging Tags/Power Tags/Van-Build Table of Contents Table of Contents Alternator charging can fix one of the biggest van ,audit/text/gear__bluetti-charger-1-alternator-charger-review.txt
/gear/bluetti-elite-200-v2-power-station-review/,"BLUETTI Elite 200 V2 Review for Van Life: Fast Recovery, Real Breathing Room · Create A Van Life",1178,"BLUETTI Elite 200 V2 Review for Van Life: Fast Recovery, Real Breathing Room 22 February 2026 · 6 mins Categories/Power Tags/Van-Life Categories/Brand: Bluetti Tags/Portable Power Station Tags/Fast Charging Tags/Bluetti Categories/Power Categories/Brand: Bluetti Tags/Van-Life Tags/Portable Power Sta",audit/text/gear__bluetti-elite-200-v2-power-station-review.txt
/gear/compustar-cs6900-as-remote-start-security-review/,Compustar CS6900 Review (2-Way Remote Start + Security) · Create A Van Life,204,Compustar CS6900 Review (2-Way Remote Start + Security) 21 February 2026 · 1 min Categories/Gear Tags/Security Tags/Remote-Start Tags/Electronics Tags/Promaster Categories/Gear Tags/Security Tags/Remote-Start Tags/Electronics Tags/Promaster Table of Contents Table of Contents Remote start and basic ,audit/text/gear__compustar-cs6900-as-remote-start-security-review.txt
/gear/crl-t-vent-windows-for-promaster-review/,CRL T-Vent Windows for ProMaster Review · Create A Van Life,199,CRL T-Vent Windows for ProMaster Review 21 February 2026 · 1 min Categories/Gear Tags/Windows Tags/Promaster Tags/Ventilation Tags/Comfort Categories/Gear Tags/Windows Tags/Promaster Tags/Ventilation Tags/Comfort Table of Contents Table of Contents CRL T-Vent windows are one of the highest-impact up,audit/text/gear__crl-t-vent-windows-for-promaster-review.txt
/gear/dometic-portable-toilet-compact-emergency-setup-review/,Dometic Portable Toilet Review (Compact Emergency Setup) · Create A Van Life,211,"Dometic Portable Toilet Review (Compact Emergency Setup) 21 February 2026 · 1 min Categories/Gear Tags/Bathroom Tags/Comfort Tags/Budget Tags/Van-Life Categories/Gear Tags/Bathroom Tags/Comfort Tags/Budget Tags/Van-Life Table of Contents Table of Contents A portable toilet is rarely glamorous, but i",audit/text/gear__dometic-portable-toilet-compact-emergency-setup-review.txt
/gear/ecoflow-river-2-pro-review/,EcoFlow River 2 Pro Review for Van Life · Create A Van Life,305,EcoFlow River 2 Pro Review for Van Life 22 February 2026 · 2 mins Categories/Gear Tags/Power Tags/Portable Power Tags/Lifepo4 Tags/Review Categories/Gear Tags/Power Tags/Portable Power Tags/Lifepo4 Tags/Review Table of Contents Table of Contents The EcoFlow River 2 Pro is a portability-first option ,audit/text/gear__ecoflow-river-2-pro-review.txt
/gear/goal-zero-yeti-1400-legacy-review/,Goal Zero Yeti 1400 Legacy Review (2018 Era) · Create A Van Life,326,Goal Zero Yeti 1400 Legacy Review (2018 Era) 22 February 2026 · 2 mins Categories/Gear Tags/Power Tags/Legacy-Gear Tags/Goal-Zero Tags/Van-Life Categories/Gear Tags/Power Tags/Legacy-Gear Tags/Goal-Zero Tags/Van-Life Table of Contents Table of Contents The Goal Zero Yeti 1400 was a meaningful step i,audit/text/gear__goal-zero-yeti-1400-legacy-review.txt
/gear/,Gear Reviews · Create A Van Life,91,Best Budget Solar Power Kits (Quick Picks) Quick-pick roundup of budget-friendly solar kits for van life with practical tradeoffs. View Picks Portable Power Stations Under $500 (Quick Picks) Fast shortlist of portable power stations under $500 for budget van life. View Picks Top Budget Van Life Cook,audit/text/gear.txt
/gear/internet-wifi-boosters-for-van-life/,Internet and Wi-Fi Boosters for Van Life (Quick Picks) · Create A Van Life,110,"Internet and Wi-Fi Boosters for Van Life (Quick Picks) 21 February 2026 · 1 min Categories/Gear Tags/Wifi Tags/Internet Tags/Remote Work Tags/Budget Categories/Gear Tags/Wifi Tags/Internet Tags/Remote Work Tags/Budget Use this page as a fast shortlist, then read the full setup strategy. Disclosure: ",audit/text/gear__internet-wifi-boosters-for-van-life.txt
/gear/kenwood-dnx574s-navigation-head-unit-review/,Kenwood DNX574S Review (Plus Modern Alternatives) · Create A Van Life,207,Kenwood DNX574S Review (Plus Modern Alternatives) 21 February 2026 · 1 min Categories/Gear Tags/Navigation Tags/Electronics Tags/Remote Work Tags/Promaster Categories/Gear Tags/Navigation Tags/Electronics Tags/Remote Work Tags/Promaster Table of Contents Table of Contents The DNX574S has been a know,audit/text/gear__kenwood-dnx574s-navigation-head-unit-review.txt
/gear/maxxair-4500k-fan-review/,MaxxAir 4500 Review: Best Budget Roof Fan? · Create A Van Life,193,"MaxxAir 4500 Review: Best Budget Roof Fan? 21 February 2026 · 1 min Categories/Gear Tags/Ventilation Tags/Budget Tags/Comfort Categories/Gear Tags/Ventilation Tags/Budget Tags/Comfort Table of Contents Table of Contents The MaxxAir 4500 is often the first fan budget builders consider, and for good r",audit/text/gear__maxxair-4500k-fan-review.txt
/gear/maxxair-maxxfan-deluxe-7500k-review/,MaxxAir MaxxFan Deluxe 7500 Review · Create A Van Life,205,"MaxxAir MaxxFan Deluxe 7500 Review 21 February 2026 · 1 min Categories/Gear Tags/Ventilation Tags/Comfort Tags/Van-Build Categories/Gear Tags/Ventilation Tags/Comfort Tags/Van-Build Table of Contents Table of Contents For many full-time van lifers, a quality roof fan is one of the highest ROI upgrad",audit/text/gear__maxxair-maxxfan-deluxe-7500k-review.txt
/gear/portable-power-stations-under-500/,Portable Power Stations Under $500 (Quick Picks) · Create A Van Life,112,Portable Power Stations Under $500 (Quick Picks) 21 February 2026 · 1 min Categories/Gear Tags/Power Tags/Battery Tags/Budget Tags/Remote Work Categories/Gear Tags/Power Tags/Battery Tags/Budget Tags/Remote Work Quick shortlist for buyers who want simple power without a full electrical install. Disc,audit/text/gear__portable-power-stations-under-500.txt
/gear/radiant-technology-composite-insulation-plus-polyiso-guide/,Radiant Composite Insulation + Polyiso for Van Builds · Create A Van Life,208,"Radiant Composite Insulation + Polyiso for Van Builds 21 February 2026 · 1 min Categories/Gear Tags/Insulation Tags/Comfort Tags/Van-Build Tags/Promaster Categories/Gear Tags/Insulation Tags/Comfort Tags/Van-Build Tags/Promaster Table of Contents Table of Contents Insulation choices affect comfort, ",audit/text/gear__radiant-technology-composite-insulation-plus-polyiso-guide.txt
/gear/remote-work-gear-for-vans/,Remote Work Gear for Vans (Quick Picks) · Create A Van Life,100,"Remote Work Gear for Vans (Quick Picks) 21 February 2026 · 1 min Categories/Gear Tags/Remote Work Tags/Wifi Tags/Budget Categories/Gear Tags/Remote Work Tags/Wifi Tags/Budget A reliable work setup is mostly about power and internet uptime. Disclosure: Some links may be affiliate links. If you buy, w",audit/text/gear__remote-work-gear-for-vans.txt
/gear/renogy-100w-slim-solar-panels-stealth-promaster-setup/,Renogy 100W Slim Solar Panel Review (Stealth Build Angle) · Create A Van Life,213,Renogy 100W Slim Solar Panel Review (Stealth Build Angle) 21 February 2026 · 1 min Categories/Gear Tags/Solar Tags/Promaster Tags/Roof Tags/Power Categories/Gear Tags/Solar Tags/Promaster Tags/Roof Tags/Power Table of Contents Table of Contents Slim panels are popular in stealth-oriented builds beca,audit/text/gear__renogy-100w-slim-solar-panels-stealth-promaster-setup.txt
/gear/top-van-life-cooking-gear-budget/,Top Budget Van Life Cooking Gear (Quick Picks) · Create A Van Life,104,"Top Budget Van Life Cooking Gear (Quick Picks) 21 February 2026 · 1 min Categories/Gear Tags/Cooking Tags/Budget Tags/Kitchen Categories/Gear Tags/Cooking Tags/Budget Tags/Kitchen A compact, low-friction cooking setup saves money faster than almost any other van upgrade. Disclosure: Some links may b",audit/text/gear__top-van-life-cooking-gear-budget.txt
/heat-wave-van-power-recovery/,Heat-Wave Van Power Recovery: Stay Stable When Cooling Runs Constantly · Create A Van Life,1314,Heat-Wave Van Power Recovery: Stay Stable When Cooling Runs Constantly 22 February 2026 · 6 mins Categories/Power Tags/Van-Life Tags/Heat Tags/Recovery Tags/Workflow Tags/Power Planning Categories/Power Tags/Van-Life Tags/Heat Tags/Recovery Tags/Workflow Tags/Power Planning Table of Contents Table o,audit/text/heat-wave-van-power-recovery.txt
/humidity-night-power-stability/,Humidity Night Power Stability: When Heat Won’t Let Your Van Recover · Create A Van Life,1085,Humidity Night Power Stability: When Heat Won’t Let Your Van Recover 22 February 2026 · 5 mins Categories/Power Tags/Van-Life Tags/Humidity Tags/Heat Tags/Sleep Tags/Recovery Tags/Power Planning Categories/Power Tags/Van-Life Tags/Humidity Tags/Heat Tags/Sleep Tags/Recovery Tags/Power Planning Table,audit/text/humidity-night-power-stability.txt
/,Create A Van Life,205,Solar & Power Starter-friendly kits and scalable systems that don’t wreck your budget. See Picks Power Stations Portable units under $500 that actually run daily essentials. See Picks Fans & Ventilation Roof fans and airflow upgrades that improve sleep and reduce mold. See Picks Internet & Wi-Fi Sig,audit/text/home.txt
/inverter-on-or-off-workflow/,Should You Leave Your Inverter On in Van Life? A Simple Workflow That Saves Power · Create A Van Life,866,Should You Leave Your Inverter On in Van Life? A Simple Workflow That Saves Power 22 February 2026 · 4 mins Categories/Power Tags/Van-Life Tags/Inverter Tags/Ac Power Tags/Dc Power Tags/Power Planning Tags/Workflow Categories/Power Tags/Van-Life Tags/Inverter Tags/Ac Power Tags/Dc Power Tags/Power P,audit/text/inverter-on-or-off-workflow.txt
/legal/affiliate-disclosure/,Affiliate Disclosure · Create A Van Life,126,"Affiliate Disclosure 1 January 0001 · 1 min Disclosure: Some links may be affiliate links. If you buy, we may earn a commission at no extra cost to you. Create A Van Life participates in affiliate programs. This means we may earn a commission when you click qualifying links and complete a purchase. ",audit/text/legal__affiliate-disclosure.txt
/legal/image-credits/,Image Credits · Create A Van Life,235,Image Credits 20 February 2026 · 1 min All photos below were downloaded from Wikimedia Commons (HTTPS) and are used under free licenses available on each file page. Local File Source License Author img/gear/van-hero-camper.jpg File page CC BY 4.0 User3204 img/gear/van-remote-work-1.jpg File page CC ,audit/text/legal__image-credits.txt
/legal/image-sources/,Image Sources · Create A Van Life,666,Image Sources 1 January 0001 · 2 mins Table of Contents Table of Contents Current site uses original in-house SVG placeholders created for this website. Replacement Checklist # Replace hero.svg files with official brand affiliate/press assets once approved. Replace lifestyle1.svg and detail1.svg wit,audit/text/legal__image-sources.txt
/legal/,Legal · Create A Van Life,0,,audit/text/legal.txt
/legal/page/1/,https://example.com/legal/,0,,audit/text/legal__page__1.txt
/legal/privacy-policy/,Privacy Policy · Create A Van Life,175,"Privacy Policy 1 January 0001 · 1 min Table of Contents Table of Contents Disclosure: Some links may be affiliate links. If you buy, we may earn a commission at no extra cost to you. Create A Van Life may collect basic analytics and referral data to understand site usage and improve content. Informa",audit/text/legal__privacy-policy.txt
/legal/terms/,Terms · Create A Van Life,125,"Terms 1 January 0001 · 1 min Disclosure: Some links may be affiliate links. If you buy, we may earn a commission at no extra cost to you. By using this site, you agree to these terms: Content is informational and does not replace professional mechanical, electrical, or legal advice. You are responsi",audit/text/legal__terms.txt
/midday-power-check/,Midday Van Power Check: Prevent the Late-Day Spiral · Create A Van Life,667,Midday Van Power Check: Prevent the Late-Day Spiral 22 February 2026 · 3 mins Categories/Power Tags/Van-Life Tags/Routines Tags/Recovery Tags/Workflow Tags/Power Planning Categories/Power Tags/Van-Life Tags/Routines Tags/Recovery Tags/Workflow Tags/Power Planning Table of Contents Table of Contents ,audit/text/midday-power-check.txt
/morning-van-power-check/,Morning Van Power Check: The 60-Second Reset That Prevents Power Stress · Create A Van Life,532,Morning Van Power Check: The 60-Second Reset That Prevents Power Stress 22 February 2026 · 3 mins Categories/Power Tags/Van-Life Tags/Morning Routine Tags/Power Checklist Tags/Workflow Tags/Power Planning Categories/Power Tags/Van-Life Tags/Morning Routine Tags/Power Checklist Tags/Workflow Tags/Pow,audit/text/morning-van-power-check.txt
/overnight-van-power-checklist/,Overnight Van Power Checklist: The 60-Second Routine That Protects Tomorrow · Create A Van Life,500,Overnight Van Power Checklist: The 60-Second Routine That Protects Tomorrow 22 February 2026 · 3 mins Categories/Power Tags/Van-Life Tags/Overnight Tags/Power Checklist Tags/Inverter Tags/Workflow Tags/Power Planning Categories/Power Tags/Van-Life Tags/Overnight Tags/Power Checklist Tags/Inverter Ta,audit/text/overnight-van-power-checklist.txt
/quiet-hours-recovery-plan/,Quiet Hours Recovery Plan: Stay Powered When You Can’t Be Loud · Create A Van Life,792,Quiet Hours Recovery Plan: Stay Powered When You Can’t Be Loud 22 February 2026 · 4 mins Categories/Power Tags/Van-Life Tags/Quiet Hours Tags/Stealth Tags/Recovery Tags/Workflow Tags/Power Planning Categories/Power Tags/Van-Life Tags/Quiet Hours Tags/Stealth Tags/Recovery Tags/Workflow Tags/Power Pl,audit/text/quiet-hours-recovery-plan.txt
/recovery-mode-load-priorities/,Recovery Mode Load Priorities: What to Pause First (Without Guessing) · Create A Van Life,904,Recovery Mode Load Priorities: What to Pause First (Without Guessing) 22 February 2026 · 4 mins Categories/Power Tags/Van-Life Tags/Recovery Tags/Workflow Tags/Power Planning Categories/Power Tags/Van-Life Tags/Recovery Tags/Workflow Tags/Power Planning Table of Contents Table of Contents Recovery m,audit/text/recovery-mode-load-priorities.txt
/recovery-window-priority-map/,Recovery Window Priority Map: Choose the Best Refill Move Today · Create A Van Life,891,Recovery Window Priority Map: Choose the Best Refill Move Today 22 February 2026 · 4 mins Categories/Power Tags/Van-Life Tags/Recovery Tags/Charging Tags/Workflow Tags/Power Planning Categories/Power Tags/Van-Life Tags/Recovery Tags/Charging Tags/Workflow Tags/Power Planning Table of Contents Table ,audit/text/recovery-window-priority-map.txt
/recovery-window-script-for-couples/,Recovery Window Script for Couples: Choose the Next Refill Move in 60 Seconds · Create A Van Life,653,Recovery Window Script for Couples: Choose the Next Refill Move in 60 Seconds 22 February 2026 · 3 mins Categories/Power Tags/Van-Life Tags/Couples Tags/Recovery Tags/Workflow Tags/Communication Categories/Power Tags/Van-Life Tags/Couples Tags/Recovery Tags/Workflow Tags/Communication Table of Conte,audit/text/recovery-window-script-for-couples.txt
/shared-van-power-check-in-template/,Shared Van Power Check-In Template: 2 Minutes in the Morning + 2 Minutes at Night · Create A Van Life,640,Shared Van Power Check-In Template: 2 Minutes in the Morning + 2 Minutes at Night 22 February 2026 · 3 mins Categories/Power Tags/Van-Life Tags/Couples Tags/Template Tags/Workflow Tags/Power Planning Tags/Checklist Categories/Power Tags/Van-Life Tags/Couples Tags/Template Tags/Workflow Tags/Power Pl,audit/text/shared-van-power-check-in-template.txt
/shared-van-power-rules-for-couples/,Shared Van Power Rules for Couples: A Simple Agreement That Prevents Daily Stress · Create A Van Life,911,Shared Van Power Rules for Couples: A Simple Agreement That Prevents Daily Stress 22 February 2026 · 4 mins Categories/Power Tags/Van-Life Tags/Couples Tags/Workflow Tags/Power Planning Tags/Communication Categories/Power Tags/Van-Life Tags/Couples Tags/Workflow Tags/Power Planning Tags/Communicatio,audit/text/shared-van-power-rules-for-couples.txt
/shore-power-recovery-routine/,Shore Power Recovery Routine for Van Life: A Simple Plug-In Plan That Works · Create A Van Life,881,Shore Power Recovery Routine for Van Life: A Simple Plug-In Plan That Works 22 February 2026 · 4 mins Categories/Power Tags/Van-Life Tags/Shore Power Tags/Fast Charging Tags/Power Planning Tags/Portable Power Station Categories/Power Tags/Van-Life Tags/Shore Power Tags/Fast Charging Tags/Power Plann,audit/text/shore-power-recovery-routine.txt
/snippets/affiliate-snippets/,Affiliate Snippets · Create A Van Life,183,"Affiliate Snippets 1 January 0001 · 1 min Table of Contents Table of Contents Disclosure # Disclosure: Some links may be affiliate links. If you buy, we may earn a commission at no extra cost to you. Affiliate Button # Link coming soon Affiliate Text Link # Link coming soon Compare Table Example # P",audit/text/snippets__affiliate-snippets.txt
/solar-vs-alternator-charging/,Solar vs Alternator Charging for Van Life: Which Builds a More Stable Power Plan? · Create A Van Life,1133,Solar vs Alternator Charging for Van Life: Which Builds a More Stable Power Plan? 22 February 2026 · 5 mins Categories/Power Tags/Van-Life Tags/Solar Tags/Alternator Charging Tags/Dc-Dc Charging Tags/Fast Charging Tags/Power Planning Categories/Power Tags/Van-Life Tags/Solar Tags/Alternator Charging,audit/text/solar-vs-alternator-charging.txt
/start-here/,Start Here · Create A Van Life,0,,audit/text/start-here.txt
/start-here/page/1/,https://example.com/start-here/,0,,audit/text/start-here__page__1.txt
/starter-tier-survival-plan/,Starter Tier Survival Plan: Stay Stable on an Under-$500 Power Setup (700Wh+) · Create A Van Life,671,Starter Tier Survival Plan: Stay Stable on an Under-$500 Power Setup (700Wh+) 22 February 2026 · 3 mins Categories/Power Tags/Van-Life Tags/Budget Tags/Starter Tier Tags/Recovery Tags/Routines Categories/Power Tags/Van-Life Tags/Budget Tags/Starter Tier Tags/Recovery Tags/Routines Table of Contents ,audit/text/starter-tier-survival-plan.txt
/starter-tier-vs-upgrade-tier/,Starter Tier vs Upgrade Tier: When Under $500 Is Enough (and When It Isn’t) · Create A Van Life,681,Starter Tier vs Upgrade Tier: When Under $500 Is Enough (and When It Isn’t) 22 February 2026 · 3 mins Categories/Power Tags/Van-Life Tags/Budget Tags/Upgrades Tags/Recovery Tags/Portable Power Station Categories/Power Tags/Van-Life Tags/Budget Tags/Upgrades Tags/Recovery Tags/Portable Power Station ,audit/text/starter-tier-vs-upgrade-tier.txt
/tags/700wh/,Tags/700wh · Create A Van Life,103,What 700Wh Actually Runs in Van Life: Real-World Examples (and the Recovery Factor) 22 February 2026 · 5 mins Categories/Power Tags/Van-Life Tags/700wh Tags/Power Planning Tags/Portable Power Station Tags/Fast Charging Categories/Power Tags/Van-Life Tags/700wh Tags/Power Planning Tags/Portable Power,audit/text/tags__700wh.txt
/tags/700wh/page/1/,https://example.com/tags/700wh/,0,,audit/text/tags__700wh__page__1.txt
/tags/ac-power/,Tags/Ac Power · Create A Van Life,201,Should You Leave Your Inverter On in Van Life? A Simple Workflow That Saves Power 22 February 2026 · 4 mins Categories/Power Tags/Van-Life Tags/Inverter Tags/Ac Power Tags/Dc Power Tags/Power Planning Tags/Workflow Categories/Power Tags/Van-Life Tags/Inverter Tags/Ac Power Tags/Dc Power Tags/Power P,audit/text/tags__ac-power.txt
/tags/ac-power/page/1/,https://example.com/tags/ac-power/,0,,audit/text/tags__ac-power__page__1.txt
/tags/alternator/,Tags/Alternator · Create A Van Life,223,Alternator Charging for Portable Power Stations 22 February 2026 · 1 min Categories/Blog Tags/Power Tags/Alternator Tags/Charging Tags/Van-Life Categories/Blog Tags/Power Tags/Alternator Tags/Charging Tags/Van-Life Alternator charging is often the fastest way to stabilize portable power in real trav,audit/text/tags__alternator.txt
/tags/alternator/page/1/,https://example.com/tags/alternator/,0,,audit/text/tags__alternator__page__1.txt
/tags/alternator-charging/,Tags/Alternator Charging · Create A Van Life,429,Van Power Planning Mistakes That Cost You Comfort (and Money) 22 February 2026 · 5 mins Categories/Power Tags/Van-Life Tags/Power Planning Tags/Portable Power Station Tags/Solar Tags/Alternator Charging Tags/Fast Charging Categories/Power Tags/Van-Life Tags/Power Planning Tags/Portable Power Station,audit/text/tags__alternator-charging.txt
/tags/alternator-charging/page/1/,https://example.com/tags/alternator-charging/,0,,audit/text/tags__alternator-charging__page__1.txt
/tags/bad-week/,Tags/Bad Week · Create A Van Life,99,Tier 2 Bad Week Protocol: Stay Stable on an Under-$1000 Setup 22 February 2026 · 3 mins Categories/Power Tags/Van-Life Tags/Bad Week Tags/Recovery Tags/Fast Charging Tags/Budget Tags/Routines Categories/Power Tags/Van-Life Tags/Bad Week Tags/Recovery Tags/Fast Charging Tags/Budget Tags/Routines Bad ,audit/text/tags__bad-week.txt
/tags/bad-week/page/1/,https://example.com/tags/bad-week/,0,,audit/text/tags__bad-week__page__1.txt
/tags/bathroom/,Tags/Bathroom · Create A Van Life,144,"Dometic Portable Toilet Review (Compact Emergency Setup) 21 February 2026 · 1 min Categories/Gear Tags/Bathroom Tags/Comfort Tags/Budget Tags/Van-Life Categories/Gear Tags/Bathroom Tags/Comfort Tags/Budget Tags/Van-Life A portable toilet is rarely glamorous, but it can dramatically improve comfort a",audit/text/tags__bathroom.txt
/tags/bathroom/page/1/,https://example.com/tags/bathroom/,0,,audit/text/tags__bathroom__page__1.txt
/tags/battery/,Tags/Battery · Create A Van Life,182,Portable Power Stations Under $500 for Van Life 21 February 2026 · 5 mins Categories/Best-Of Tags/Power Tags/Battery Tags/Budget Tags/Van-Life Tags/Portable Power Categories/Best-Of Tags/Power Tags/Battery Tags/Budget Tags/Van-Life Tags/Portable Power Portable power stations under $500 are one of th,audit/text/tags__battery.txt
/tags/battery/page/1/,https://example.com/tags/battery/,0,,audit/text/tags__battery__page__1.txt
/tags/battery-capacity/,Tags/Battery Capacity · Create A Van Life,123,Fast Charging vs a Bigger Battery: What Actually Fixes Van Power Instability? 22 February 2026 · 2 mins Categories/Power Tags/Van-Life Tags/Fast Charging Tags/Battery Capacity Tags/Recovery Tags/Power Stations Tags/Upgrades Categories/Power Tags/Van-Life Tags/Fast Charging Tags/Battery Capacity Tags,audit/text/tags__battery-capacity.txt
/tags/battery-capacity/page/1/,https://example.com/tags/battery-capacity/,0,,audit/text/tags__battery-capacity__page__1.txt
/tags/beginner/,Tags/Beginner · Create A Van Life,248,How to Start Van Life on a Budget 21 February 2026 · 1 min Categories/Blog Tags/Budget Tags/Beginner Tags/Van-Life Categories/Blog Tags/Budget Tags/Beginner Tags/Van-Life Starting van life on a budget is mostly about sequencing. People overspend when they buy comfort upgrades before core systems. Ph,audit/text/tags__beginner.txt
/tags/beginner/page/1/,https://example.com/tags/beginner/,0,,audit/text/tags__beginner__page__1.txt
/tags/best-of/,Tags/Best-Of · Create A Van Life,123,Best Fast-Charging Power Stations Under $1000 (700Wh+ Recovery-First Picks) 22 February 2026 · 5 mins Categories/Power Tags/Van-Life Tags/Portable Power Station Tags/Fast Charging Tags/Recovery Tags/Budget Tags/Best-Of Categories/Power Tags/Van-Life Tags/Portable Power Station Tags/Fast Charging Tag,audit/text/tags__best-of.txt
/tags/best-of/page/1/,https://example.com/tags/best-of/,0,,audit/text/tags__best-of__page__1.txt
/tags/bluetti/,Tags/Bluetti · Create A Van Life,381,BLUETTI vs EcoFlow for Van Life 22 February 2026 · 1 min Categories/Power Tags/Van-Life Categories/Comparisons Tags/Bluetti Tags/Ecoflow Tags/Portable Power Station Categories/Power Categories/Comparisons Tags/Van-Life Tags/Bluetti Tags/Ecoflow Tags/Portable Power Station This comparison page is in ,audit/text/tags__bluetti.txt
/tags/bluetti/page/1/,https://example.com/tags/bluetti/,0,,audit/text/tags__bluetti__page__1.txt
/tags/budget/,Tags/Budget · Create A Van Life,964,Under-$1000 Upgrade Plan: Use Fast Charging to Stay Stable (700Wh+) 22 February 2026 · 3 mins Categories/Power Tags/Van-Life Tags/Budget Tags/Upgrades Tags/Fast Charging Tags/Recovery Categories/Power Tags/Van-Life Tags/Budget Tags/Upgrades Tags/Fast Charging Tags/Recovery The under-$1000 tier isn’t,audit/text/tags__budget.txt
/tags/budget/page/1/,https://example.com/tags/budget/,0,,audit/text/tags__budget__page__1.txt
/tags/budget/page/2/,Tags/Budget · Create A Van Life,987,Portable Power Stations Under $500 (Quick Picks) 21 February 2026 · 1 min Categories/Gear Tags/Power Tags/Battery Tags/Budget Tags/Remote Work Categories/Gear Tags/Power Tags/Battery Tags/Budget Tags/Remote Work Quick shortlist for buyers who want simple power without a full electrical install. Disc,audit/text/tags__budget__page__2.txt
/tags/budget/page/3/,Tags/Budget · Create A Van Life,320,Best Budget Build Tools for a First Van Conversion 21 February 2026 · 2 mins Categories/Best-Of Tags/Tools Tags/Van-Build Tags/Budget Categories/Best-Of Tags/Tools Tags/Van-Build Tags/Budget You do not need a garage full of tools for a strong first build. You need a small set of reliable tools and a,audit/text/tags__budget__page__3.txt
/tags/build-planning/,Tags/Build-Planning · Create A Van Life,80,"Portable Power vs Full Electrical Build 22 February 2026 · 1 min Categories/Blog Tags/Power Tags/Electrical Tags/Build-Planning Tags/Van-Life Categories/Blog Tags/Power Tags/Electrical Tags/Build-Planning Tags/Van-Life This decision should follow your use pattern, not online hype. Portable systems r",audit/text/tags__build-planning.txt
/tags/build-planning/page/1/,https://example.com/tags/build-planning/,0,,audit/text/tags__build-planning__page__1.txt
/tags/buyer-checklist/,Tags/Buyer Checklist · Create A Van Life,102,"Fast-Charging Power Station Buyer Checklist (Van Life, Recovery-First) 22 February 2026 · 2 mins Categories/Power Tags/Van-Life Tags/Power Stations Tags/Fast Charging Tags/Buyer Checklist Tags/Recovery Categories/Power Tags/Van-Life Tags/Power Stations Tags/Fast Charging Tags/Buyer Checklist Tags/Re",audit/text/tags__buyer-checklist.txt
/tags/buyer-checklist/page/1/,https://example.com/tags/buyer-checklist/,0,,audit/text/tags__buyer-checklist__page__1.txt
/tags/charging/,Tags/Charging · Create A Van Life,490,"Solar Input Explained for Portable Power Stations 22 February 2026 · 1 min Categories/Blog Tags/Power Tags/Solar Tags/Charging Tags/Van-Life Categories/Blog Tags/Power Tags/Solar Tags/Charging Tags/Van-Life Solar input is useful, but it is only reliable when panel sizing, weather assumptions, and ch",audit/text/tags__charging.txt
/tags/charging/page/1/,https://example.com/tags/charging/,0,,audit/text/tags__charging__page__1.txt
/tags/checklist/,Tags/Checklist · Create A Van Life,252,Van Power Upgrade Checklist: Buy the Right Fix (Recovery-First) 22 February 2026 · 4 mins Categories/Power Tags/Van-Life Tags/Power Planning Tags/Upgrades Tags/Checklist Tags/Recovery Categories/Power Tags/Van-Life Tags/Power Planning Tags/Upgrades Tags/Checklist Tags/Recovery Most upgrade regret co,audit/text/tags__checklist.txt
/tags/checklist/page/1/,https://example.com/tags/checklist/,0,,audit/text/tags__checklist__page__1.txt
/tags/cloudy-weather/,Tags/Cloudy Weather · Create A Van Life,108,How to Survive a Cloudy Week in Van Life Without Power Stress 22 February 2026 · 5 mins Categories/Power Tags/Van-Life Tags/Cloudy Weather Tags/Solar Tags/Fast Charging Tags/Power Planning Tags/Alternator Charging Categories/Power Tags/Van-Life Tags/Cloudy Weather Tags/Solar Tags/Fast Charging Tags/,audit/text/tags__cloudy-weather.txt
/tags/cloudy-weather/page/1/,https://example.com/tags/cloudy-weather/,0,,audit/text/tags__cloudy-weather__page__1.txt
/tags/comfort/,Tags/Comfort · Create A Van Life,1003,Van Power Comfort Budget: Agree on Baseline vs Optional Loads 22 February 2026 · 4 mins Categories/Power Tags/Van-Life Tags/Couples Tags/Comfort Tags/Power Planning Tags/Recovery Categories/Power Tags/Van-Life Tags/Couples Tags/Comfort Tags/Power Planning Tags/Recovery Most van power conflict isn’t ,audit/text/tags__comfort.txt
/tags/comfort/page/1/,https://example.com/tags/comfort/,0,,audit/text/tags__comfort__page__1.txt
/tags/communication/,Tags/Communication · Create A Van Life,182,Shared Van Power Rules for Couples: A Simple Agreement That Prevents Daily Stress 22 February 2026 · 4 mins Categories/Power Tags/Van-Life Tags/Couples Tags/Workflow Tags/Power Planning Tags/Communication Categories/Power Tags/Van-Life Tags/Couples Tags/Workflow Tags/Power Planning Tags/Communicatio,audit/text/tags__communication.txt
/tags/communication/page/1/,https://example.com/tags/communication/,0,,audit/text/tags__communication__page__1.txt
/tags/cooking/,Tags/Cooking · Create A Van Life,399,Cook or Conserve? A Van Life Power Decision Guide for Electric Cooking Days 22 February 2026 · 4 mins Categories/Power Tags/Van-Life Tags/Cooking Tags/Power Planning Tags/Workflow Tags/Portable Power Station Categories/Power Tags/Van-Life Tags/Cooking Tags/Power Planning Tags/Workflow Tags/Portable ,audit/text/tags__cooking.txt
/tags/cooking/page/1/,https://example.com/tags/cooking/,0,,audit/text/tags__cooking__page__1.txt
/tags/couples/,Tags/Couples · Create A Van Life,388,Van Power Comfort Budget: Agree on Baseline vs Optional Loads 22 February 2026 · 4 mins Categories/Power Tags/Van-Life Tags/Couples Tags/Comfort Tags/Power Planning Tags/Recovery Categories/Power Tags/Van-Life Tags/Couples Tags/Comfort Tags/Power Planning Tags/Recovery Most van power conflict isn’t ,audit/text/tags__couples.txt
/tags/couples/page/1/,https://example.com/tags/couples/,0,,audit/text/tags__couples__page__1.txt
/tags/dc-dc-charging/,Tags/Dc-Dc Charging · Create A Van Life,114,Solar vs Alternator Charging for Van Life: Which Builds a More Stable Power Plan? 22 February 2026 · 5 mins Categories/Power Tags/Van-Life Tags/Solar Tags/Alternator Charging Tags/Dc-Dc Charging Tags/Fast Charging Tags/Power Planning Categories/Power Tags/Van-Life Tags/Solar Tags/Alternator Charging,audit/text/tags__dc-dc-charging.txt
/tags/dc-dc-charging/page/1/,https://example.com/tags/dc-dc-charging/,0,,audit/text/tags__dc-dc-charging__page__1.txt
/tags/dc-power/,Tags/Dc Power · Create A Van Life,201,Should You Leave Your Inverter On in Van Life? A Simple Workflow That Saves Power 22 February 2026 · 4 mins Categories/Power Tags/Van-Life Tags/Inverter Tags/Ac Power Tags/Dc Power Tags/Power Planning Tags/Workflow Categories/Power Tags/Van-Life Tags/Inverter Tags/Ac Power Tags/Dc Power Tags/Power P,audit/text/tags__dc-power.txt
/tags/dc-power/page/1/,https://example.com/tags/dc-power/,0,,audit/text/tags__dc-power__page__1.txt
/tags/deadlines/,Tags/Deadlines · Create A Van Life,104,Work Pressure Van Power Recovery: Stay Stable During Deadline Weeks 22 February 2026 · 2 mins Categories/Power Tags/Van-Life Tags/Work Tags/Deadlines Tags/Recovery Tags/Routines Tags/Fast Charging Categories/Power Tags/Van-Life Tags/Work Tags/Deadlines Tags/Recovery Tags/Routines Tags/Fast Charging ,audit/text/tags__deadlines.txt
/tags/deadlines/page/1/,https://example.com/tags/deadlines/,0,,audit/text/tags__deadlines__page__1.txt
/tags/decision-tree/,Tags/Decision Tree · Create A Van Life,103,Van Power Upgrade Decision Tree: Choose the Next Best Move (Without Panic Spending) 22 February 2026 · 2 mins Categories/Power Tags/Van-Life Tags/Upgrades Tags/Decision Tree Tags/Recovery Tags/Fast Charging Tags/Routines Categories/Power Tags/Van-Life Tags/Upgrades Tags/Decision Tree Tags/Recovery T,audit/text/tags__decision-tree.txt
/tags/decision-tree/page/1/,https://example.com/tags/decision-tree/,0,,audit/text/tags__decision-tree__page__1.txt
/tags/ecoflow/,Tags/Ecoflow · Create A Van Life,69,BLUETTI vs EcoFlow for Van Life 22 February 2026 · 1 min Categories/Power Tags/Van-Life Categories/Comparisons Tags/Bluetti Tags/Ecoflow Tags/Portable Power Station Categories/Power Categories/Comparisons Tags/Van-Life Tags/Bluetti Tags/Ecoflow Tags/Portable Power Station This comparison page is in ,audit/text/tags__ecoflow.txt
/tags/ecoflow/page/1/,https://example.com/tags/ecoflow/,0,,audit/text/tags__ecoflow__page__1.txt
/tags/electrical/,Tags/Electrical · Create A Van Life,244,"Portable Power vs Full Electrical Build 22 February 2026 · 1 min Categories/Blog Tags/Power Tags/Electrical Tags/Build-Planning Tags/Van-Life Categories/Blog Tags/Power Tags/Electrical Tags/Build-Planning Tags/Van-Life This decision should follow your use pattern, not online hype. Portable systems r",audit/text/tags__electrical.txt
/tags/electrical/page/1/,https://example.com/tags/electrical/,0,,audit/text/tags__electrical__page__1.txt
/tags/electronics/,Tags/Electronics · Create A Van Life,277,"Kenwood DNX574S Review (Plus Modern Alternatives) 21 February 2026 · 1 min Categories/Gear Tags/Navigation Tags/Electronics Tags/Remote Work Tags/Promaster Categories/Gear Tags/Navigation Tags/Electronics Tags/Remote Work Tags/Promaster The DNX574S has been a known option in van conversions, but age",audit/text/tags__electronics.txt
/tags/electronics/page/1/,https://example.com/tags/electronics/,0,,audit/text/tags__electronics__page__1.txt
/tags/fans/,Tags/Fans · Create A Van Life,140,"Best Van Fans and Ventilation Setups 21 February 2026 · 2 mins Categories/Best-Of Tags/Ventilation Tags/Fans Tags/Comfort Categories/Best-Of Tags/Ventilation Tags/Fans Tags/Comfort Ventilation is not optional. It protects sleep quality, reduces mold risk, and keeps summer trips manageable. Quick Ans",audit/text/tags__fans.txt
/tags/fans/page/1/,https://example.com/tags/fans/,0,,audit/text/tags__fans__page__1.txt
/tags/fast-charging/,Tags/Fast Charging · Create A Van Life,990,Work Pressure Van Power Recovery: Stay Stable During Deadline Weeks 22 February 2026 · 2 mins Categories/Power Tags/Van-Life Tags/Work Tags/Deadlines Tags/Recovery Tags/Routines Tags/Fast Charging Categories/Power Tags/Van-Life Tags/Work Tags/Deadlines Tags/Recovery Tags/Routines Tags/Fast Charging ,audit/text/tags__fast-charging.txt
/tags/fast-charging/page/1/,https://example.com/tags/fast-charging/,0,,audit/text/tags__fast-charging__page__1.txt
/tags/fast-charging/page/2/,Tags/Fast Charging · Create A Van Life,984,Shore Power Recovery Routine for Van Life: A Simple Plug-In Plan That Works 22 February 2026 · 4 mins Categories/Power Tags/Van-Life Tags/Shore Power Tags/Fast Charging Tags/Power Planning Tags/Portable Power Station Categories/Power Tags/Van-Life Tags/Shore Power Tags/Fast Charging Tags/Power Plann,audit/text/tags__fast-charging__page__2.txt
/tags/goal-zero/,Tags/Goal-Zero · Create A Van Life,134,Goal Zero Yeti 1400 Legacy Review (2018 Era) 22 February 2026 · 2 mins Categories/Gear Tags/Power Tags/Legacy-Gear Tags/Goal-Zero Tags/Van-Life Categories/Gear Tags/Power Tags/Legacy-Gear Tags/Goal-Zero Tags/Van-Life The Goal Zero Yeti 1400 was a meaningful step in 2018 when plug-and-play options we,audit/text/tags__goal-zero.txt
/tags/goal-zero/page/1/,https://example.com/tags/goal-zero/,0,,audit/text/tags__goal-zero__page__1.txt
/tags/heat/,Tags/Heat · Create A Van Life,221,Humidity Night Power Stability: When Heat Won’t Let Your Van Recover 22 February 2026 · 5 mins Categories/Power Tags/Van-Life Tags/Humidity Tags/Heat Tags/Sleep Tags/Recovery Tags/Power Planning Categories/Power Tags/Van-Life Tags/Humidity Tags/Heat Tags/Sleep Tags/Recovery Tags/Power Planning Humid,audit/text/tags__heat.txt
/tags/heat/page/1/,https://example.com/tags/heat/,0,,audit/text/tags__heat__page__1.txt
/tags/humidity/,Tags/Humidity · Create A Van Life,103,Humidity Night Power Stability: When Heat Won’t Let Your Van Recover 22 February 2026 · 5 mins Categories/Power Tags/Van-Life Tags/Humidity Tags/Heat Tags/Sleep Tags/Recovery Tags/Power Planning Categories/Power Tags/Van-Life Tags/Humidity Tags/Heat Tags/Sleep Tags/Recovery Tags/Power Planning Humid,audit/text/tags__humidity.txt
/tags/humidity/page/1/,https://example.com/tags/humidity/,0,,audit/text/tags__humidity__page__1.txt
/tags/,Tags · Create A Van Life,278,Tags/700wh · 1 Tags/Ac Power · 2 Tags/Alternator · 2 Tags/Alternator Charging · 4 Tags/Bad Week · 1 Tags/Bathroom · 1 Tags/Battery · 2 Tags/Battery Capacity · 1 Tags/Beginner · 2 Tags/Best-Of · 8 Categories/Blog · 12 Tags/Bluetti · 4 Categories/Brand: Bluetti · 3 Tags/Budget · 22 Tags/Build-Planning,audit/text/tags.txt
/tags/insulation/,Tags/Insulation · Create A Van Life,141,"Radiant Composite Insulation + Polyiso for Van Builds 21 February 2026 · 1 min Categories/Gear Tags/Insulation Tags/Comfort Tags/Van-Build Tags/Promaster Categories/Gear Tags/Insulation Tags/Comfort Tags/Van-Build Tags/Promaster Insulation choices affect comfort, condensation risk, and long-term bui",audit/text/tags__insulation.txt
/tags/insulation/page/1/,https://example.com/tags/insulation/,0,,audit/text/tags__insulation__page__1.txt
/tags/internet/,Tags/Internet · Create A Van Life,320,"Van Internet: What Actually Works Off-Grid 21 February 2026 · 1 min Categories/Blog Tags/Internet Tags/Wifi Tags/Remote Work Categories/Blog Tags/Internet Tags/Wifi Tags/Remote Work Reliable van internet comes from layered redundancy, not one magic device. Baseline Setup # Primary hotspot with exter",audit/text/tags__internet.txt
/tags/internet/page/1/,https://example.com/tags/internet/,0,,audit/text/tags__internet__page__1.txt
/tags/inverter/,Tags/Inverter · Create A Van Life,179,Should You Leave Your Inverter On in Van Life? A Simple Workflow That Saves Power 22 February 2026 · 4 mins Categories/Power Tags/Van-Life Tags/Inverter Tags/Ac Power Tags/Dc Power Tags/Power Planning Tags/Workflow Categories/Power Tags/Van-Life Tags/Inverter Tags/Ac Power Tags/Dc Power Tags/Power P,audit/text/tags__inverter.txt
/tags/inverter/page/1/,https://example.com/tags/inverter/,0,,audit/text/tags__inverter__page__1.txt
/tags/kitchen/,Tags/Kitchen · Create A Van Life,303,"Top Budget Van Life Cooking Gear (Quick Picks) 21 February 2026 · 1 min Categories/Gear Tags/Cooking Tags/Budget Tags/Kitchen Categories/Gear Tags/Cooking Tags/Budget Tags/Kitchen A compact, low-friction cooking setup saves money faster than almost any other van upgrade. Disclosure: Some links may b",audit/text/tags__kitchen.txt
/tags/kitchen/page/1/,https://example.com/tags/kitchen/,0,,audit/text/tags__kitchen__page__1.txt
/tags/legacy-gear/,Tags/Legacy-Gear · Create A Van Life,134,Goal Zero Yeti 1400 Legacy Review (2018 Era) 22 February 2026 · 2 mins Categories/Gear Tags/Power Tags/Legacy-Gear Tags/Goal-Zero Tags/Van-Life Categories/Gear Tags/Power Tags/Legacy-Gear Tags/Goal-Zero Tags/Van-Life The Goal Zero Yeti 1400 was a meaningful step in 2018 when plug-and-play options we,audit/text/tags__legacy-gear.txt
/tags/legacy-gear/page/1/,https://example.com/tags/legacy-gear/,0,,audit/text/tags__legacy-gear__page__1.txt
/tags/lifepo4/,Tags/Lifepo4 · Create A Van Life,286,EcoFlow River 2 Pro Review for Van Life 22 February 2026 · 2 mins Categories/Gear Tags/Power Tags/Portable Power Tags/Lifepo4 Tags/Review Categories/Gear Tags/Power Tags/Portable Power Tags/Lifepo4 Tags/Review The EcoFlow River 2 Pro is a portability-first option that can work well when your routine,audit/text/tags__lifepo4.txt
/tags/lifepo4/page/1/,https://example.com/tags/lifepo4/,0,,audit/text/tags__lifepo4__page__1.txt
/tags/mistakes/,Tags/Mistakes · Create A Van Life,177,"Van Power Upgrade Planning Mistakes: Avoid Bad Timing, Bad Assumptions, and Expensive Friction 22 February 2026 · 3 mins Categories/Power Tags/Van-Life Tags/Upgrades Tags/Planning Tags/Mistakes Tags/Recovery Tags/Fast Charging Categories/Power Tags/Van-Life Tags/Upgrades Tags/Planning Tags/Mistakes ",audit/text/tags__mistakes.txt
/tags/mistakes/page/1/,https://example.com/tags/mistakes/,0,,audit/text/tags__mistakes__page__1.txt
/tags/morning-routine/,Tags/Morning Routine · Create A Van Life,89,Morning Van Power Check: The 60-Second Reset That Prevents Power Stress 22 February 2026 · 3 mins Categories/Power Tags/Van-Life Tags/Morning Routine Tags/Power Checklist Tags/Workflow Tags/Power Planning Categories/Power Tags/Van-Life Tags/Morning Routine Tags/Power Checklist Tags/Workflow Tags/Pow,audit/text/tags__morning-routine.txt
/tags/morning-routine/page/1/,https://example.com/tags/morning-routine/,0,,audit/text/tags__morning-routine__page__1.txt
/tags/navigation/,Tags/Navigation · Create A Van Life,136,"Kenwood DNX574S Review (Plus Modern Alternatives) 21 February 2026 · 1 min Categories/Gear Tags/Navigation Tags/Electronics Tags/Remote Work Tags/Promaster Categories/Gear Tags/Navigation Tags/Electronics Tags/Remote Work Tags/Promaster The DNX574S has been a known option in van conversions, but age",audit/text/tags__navigation.txt
/tags/navigation/page/1/,https://example.com/tags/navigation/,0,,audit/text/tags__navigation__page__1.txt
/tags/overnight/,Tags/Overnight · Create A Van Life,81,Overnight Van Power Checklist: The 60-Second Routine That Protects Tomorrow 22 February 2026 · 3 mins Categories/Power Tags/Van-Life Tags/Overnight Tags/Power Checklist Tags/Inverter Tags/Workflow Tags/Power Planning Categories/Power Tags/Van-Life Tags/Overnight Tags/Power Checklist Tags/Inverter Ta,audit/text/tags__overnight.txt
/tags/overnight/page/1/,https://example.com/tags/overnight/,0,,audit/text/tags__overnight__page__1.txt
/tags/planning/,Tags/Planning · Create A Van Life,180,"Van Power Upgrade Planning Mistakes: Avoid Bad Timing, Bad Assumptions, and Expensive Friction 22 February 2026 · 3 mins Categories/Power Tags/Van-Life Tags/Upgrades Tags/Planning Tags/Mistakes Tags/Recovery Tags/Fast Charging Categories/Power Tags/Van-Life Tags/Upgrades Tags/Planning Tags/Mistakes ",audit/text/tags__planning.txt
/tags/planning/page/1/,https://example.com/tags/planning/,0,,audit/text/tags__planning__page__1.txt
/tags/portable-power/,Tags/Portable Power · Create A Van Life,479,EcoFlow River 2 Pro Review for Van Life 22 February 2026 · 2 mins Categories/Gear Tags/Power Tags/Portable Power Tags/Lifepo4 Tags/Review Categories/Gear Tags/Power Tags/Portable Power Tags/Lifepo4 Tags/Review The EcoFlow River 2 Pro is a portability-first option that can work well when your routine,audit/text/tags__portable-power.txt
/tags/portable-power/page/1/,https://example.com/tags/portable-power/,0,,audit/text/tags__portable-power__page__1.txt
/tags/portable-power-station/,Tags/Portable Power Station · Create A Van Life,988,What 700Wh Actually Runs in Van Life: Real-World Examples (and the Recovery Factor) 22 February 2026 · 5 mins Categories/Power Tags/Van-Life Tags/700wh Tags/Power Planning Tags/Portable Power Station Tags/Fast Charging Categories/Power Tags/Van-Life Tags/700wh Tags/Power Planning Tags/Portable Power,audit/text/tags__portable-power-station.txt
/tags/portable-power-station/page/1/,https://example.com/tags/portable-power-station/,0,,audit/text/tags__portable-power-station__page__1.txt
/tags/portable-power-station/page/2/,Tags/Portable Power Station · Create A Van Life,231,Best Fast-Charging Power Stations Under $1000 (700Wh+ Recovery-First Picks) 22 February 2026 · 5 mins Categories/Power Tags/Van-Life Tags/Portable Power Station Tags/Fast Charging Tags/Recovery Tags/Budget Tags/Best-Of Categories/Power Tags/Van-Life Tags/Portable Power Station Tags/Fast Charging Tag,audit/text/tags__portable-power-station__page__2.txt
/tags/power/,Tags/Power · Create A Van Life,979,"Solar Input Explained for Portable Power Stations 22 February 2026 · 1 min Categories/Blog Tags/Power Tags/Solar Tags/Charging Tags/Van-Life Categories/Blog Tags/Power Tags/Solar Tags/Charging Tags/Van-Life Solar input is useful, but it is only reliable when panel sizing, weather assumptions, and ch",audit/text/tags__power.txt
/tags/power/page/1/,https://example.com/tags/power/,0,,audit/text/tags__power__page__1.txt
/tags/power/page/2/,Tags/Power · Create A Van Life,648,Portable Power Stations Under $500 for Van Life 21 February 2026 · 5 mins Categories/Best-Of Tags/Power Tags/Battery Tags/Budget Tags/Van-Life Tags/Portable Power Categories/Best-Of Tags/Power Tags/Battery Tags/Budget Tags/Van-Life Tags/Portable Power Portable power stations under $500 are one of th,audit/text/tags__power__page__2.txt
/tags/power-checklist/,Tags/Power Checklist · Create A Van Life,170,Overnight Van Power Checklist: The 60-Second Routine That Protects Tomorrow 22 February 2026 · 3 mins Categories/Power Tags/Van-Life Tags/Overnight Tags/Power Checklist Tags/Inverter Tags/Workflow Tags/Power Planning Categories/Power Tags/Van-Life Tags/Overnight Tags/Power Checklist Tags/Inverter Ta,audit/text/tags__power-checklist.txt
/tags/power-checklist/page/1/,https://example.com/tags/power-checklist/,0,,audit/text/tags__power-checklist__page__1.txt
/tags/power-planning/,Tags/Power Planning · Create A Van Life,1019,Workday Power Boundaries: Keep Remote Work Stable in Van Life 22 February 2026 · 5 mins Categories/Power Tags/Van-Life Tags/Remote Work Tags/Workflow Tags/Recovery Tags/Power Planning Categories/Power Tags/Van-Life Tags/Remote Work Tags/Workflow Tags/Recovery Tags/Power Planning Remote work in a van,audit/text/tags__power-planning.txt
/tags/power-planning/page/1/,https://example.com/tags/power-planning/,0,,audit/text/tags__power-planning__page__1.txt
/tags/power-planning/page/2/,Tags/Power Planning · Create A Van Life,952,Shore Power Recovery Routine for Van Life: A Simple Plug-In Plan That Works 22 February 2026 · 4 mins Categories/Power Tags/Van-Life Tags/Shore Power Tags/Fast Charging Tags/Power Planning Tags/Portable Power Station Categories/Power Tags/Van-Life Tags/Shore Power Tags/Fast Charging Tags/Power Plann,audit/text/tags__power-planning__page__2.txt
/tags/power-planning/page/3/,Tags/Power Planning · Create A Van Life,609,How to Survive a Cloudy Week in Van Life Without Power Stress 22 February 2026 · 5 mins Categories/Power Tags/Van-Life Tags/Cloudy Weather Tags/Solar Tags/Fast Charging Tags/Power Planning Tags/Alternator Charging Categories/Power Tags/Van-Life Tags/Cloudy Weather Tags/Solar Tags/Fast Charging Tags/,audit/text/tags__power-planning__page__3.txt
/tags/power-stations/,Tags/Power Stations · Create A Van Life,225,"Fast-Charging Power Station Buyer Checklist (Van Life, Recovery-First) 22 February 2026 · 2 mins Categories/Power Tags/Van-Life Tags/Power Stations Tags/Fast Charging Tags/Buyer Checklist Tags/Recovery Categories/Power Tags/Van-Life Tags/Power Stations Tags/Fast Charging Tags/Buyer Checklist Tags/Re",audit/text/tags__power-stations.txt
/tags/power-stations/page/1/,https://example.com/tags/power-stations/,0,,audit/text/tags__power-stations__page__1.txt
/tags/promaster/,Tags/Promaster · Create A Van Life,696,Renogy 100W Slim Solar Panel Review (Stealth Build Angle) 21 February 2026 · 1 min Categories/Gear Tags/Solar Tags/Promaster Tags/Roof Tags/Power Categories/Gear Tags/Solar Tags/Promaster Tags/Roof Tags/Power Slim panels are popular in stealth-oriented builds because they keep roof profile lower and,audit/text/tags__promaster.txt
/tags/promaster/page/1/,https://example.com/tags/promaster/,0,,audit/text/tags__promaster__page__1.txt
/tags/quiet-hours/,Tags/Quiet Hours · Create A Van Life,104,Quiet Hours Recovery Plan: Stay Powered When You Can’t Be Loud 22 February 2026 · 4 mins Categories/Power Tags/Van-Life Tags/Quiet Hours Tags/Stealth Tags/Recovery Tags/Workflow Tags/Power Planning Categories/Power Tags/Van-Life Tags/Quiet Hours Tags/Stealth Tags/Recovery Tags/Workflow Tags/Power Pl,audit/text/tags__quiet-hours.txt
/tags/quiet-hours/page/1/,https://example.com/tags/quiet-hours/,0,,audit/text/tags__quiet-hours__page__1.txt
/tags/recovery/,Tags/Recovery · Create A Van Life,951,Workday Power Boundaries: Keep Remote Work Stable in Van Life 22 February 2026 · 5 mins Categories/Power Tags/Van-Life Tags/Remote Work Tags/Workflow Tags/Recovery Tags/Power Planning Categories/Power Tags/Van-Life Tags/Remote Work Tags/Workflow Tags/Recovery Tags/Power Planning Remote work in a van,audit/text/tags__recovery.txt
/tags/recovery/page/1/,https://example.com/tags/recovery/,0,,audit/text/tags__recovery__page__1.txt
/tags/recovery/page/2/,Tags/Recovery · Create A Van Life,1008,Van Power Comfort Budget: Agree on Baseline vs Optional Loads 22 February 2026 · 4 mins Categories/Power Tags/Van-Life Tags/Couples Tags/Comfort Tags/Power Planning Tags/Recovery Categories/Power Tags/Van-Life Tags/Couples Tags/Comfort Tags/Power Planning Tags/Recovery Most van power conflict isn’t ,audit/text/tags__recovery__page__2.txt
/tags/recovery/page/3/,Tags/Recovery · Create A Van Life,753,Humidity Night Power Stability: When Heat Won’t Let Your Van Recover 22 February 2026 · 5 mins Categories/Power Tags/Van-Life Tags/Humidity Tags/Heat Tags/Sleep Tags/Recovery Tags/Power Planning Categories/Power Tags/Van-Life Tags/Humidity Tags/Heat Tags/Sleep Tags/Recovery Tags/Power Planning Humid,audit/text/tags__recovery__page__3.txt
/tags/remote-start/,Tags/Remote-Start · Create A Van Life,141,Compustar CS6900 Review (2-Way Remote Start + Security) 21 February 2026 · 1 min Categories/Gear Tags/Security Tags/Remote-Start Tags/Electronics Tags/Promaster Categories/Gear Tags/Security Tags/Remote-Start Tags/Electronics Tags/Promaster Remote start and basic security systems can improve winter ,audit/text/tags__remote-start.txt
/tags/remote-start/page/1/,https://example.com/tags/remote-start/,0,,audit/text/tags__remote-start__page__1.txt
/tags/remote-work/,Tags/Remote Work · Create A Van Life,721,Workday Power Boundaries: Keep Remote Work Stable in Van Life 22 February 2026 · 5 mins Categories/Power Tags/Van-Life Tags/Remote Work Tags/Workflow Tags/Recovery Tags/Power Planning Categories/Power Tags/Van-Life Tags/Remote Work Tags/Workflow Tags/Recovery Tags/Power Planning Remote work in a van,audit/text/tags__remote-work.txt
/tags/remote-work/page/1/,https://example.com/tags/remote-work/,0,,audit/text/tags__remote-work__page__1.txt
/tags/review/,Tags/Review · Create A Van Life,204,EcoFlow River 2 Pro Review for Van Life 22 February 2026 · 2 mins Categories/Gear Tags/Power Tags/Portable Power Tags/Lifepo4 Tags/Review Categories/Gear Tags/Power Tags/Portable Power Tags/Lifepo4 Tags/Review The EcoFlow River 2 Pro is a portability-first option that can work well when your routine,audit/text/tags__review.txt
/tags/review/page/1/,https://example.com/tags/review/,0,,audit/text/tags__review__page__1.txt
/tags/roof/,Tags/Roof · Create A Van Life,143,Renogy 100W Slim Solar Panel Review (Stealth Build Angle) 21 February 2026 · 1 min Categories/Gear Tags/Solar Tags/Promaster Tags/Roof Tags/Power Categories/Gear Tags/Solar Tags/Promaster Tags/Roof Tags/Power Slim panels are popular in stealth-oriented builds because they keep roof profile lower and,audit/text/tags__roof.txt
/tags/roof/page/1/,https://example.com/tags/roof/,0,,audit/text/tags__roof__page__1.txt
/tags/routines/,Tags/Routines · Create A Van Life,778,Work Pressure Van Power Recovery: Stay Stable During Deadline Weeks 22 February 2026 · 2 mins Categories/Power Tags/Van-Life Tags/Work Tags/Deadlines Tags/Recovery Tags/Routines Tags/Fast Charging Categories/Power Tags/Van-Life Tags/Work Tags/Deadlines Tags/Recovery Tags/Routines Tags/Fast Charging ,audit/text/tags__routines.txt
/tags/routines/page/1/,https://example.com/tags/routines/,0,,audit/text/tags__routines__page__1.txt
/tags/scorecard/,Tags/Scorecard · Create A Van Life,81,Van Power Stability Scorecard: A Quick Self-Audit (Fix the Right Thing First) 22 February 2026 · 3 mins Categories/Power Tags/Van-Life Tags/Stability Tags/Scorecard Tags/Recovery Tags/Routines Tags/Fast Charging Categories/Power Tags/Van-Life Tags/Stability Tags/Scorecard Tags/Recovery Tags/Routines,audit/text/tags__scorecard.txt
/tags/scorecard/page/1/,https://example.com/tags/scorecard/,0,,audit/text/tags__scorecard__page__1.txt
/tags/security/,Tags/Security · Create A Van Life,141,Compustar CS6900 Review (2-Way Remote Start + Security) 21 February 2026 · 1 min Categories/Gear Tags/Security Tags/Remote-Start Tags/Electronics Tags/Promaster Categories/Gear Tags/Security Tags/Remote-Start Tags/Electronics Tags/Promaster Remote start and basic security systems can improve winter ,audit/text/tags__security.txt
/tags/security/page/1/,https://example.com/tags/security/,0,,audit/text/tags__security__page__1.txt
/tags/shore-power/,Tags/Shore Power · Create A Van Life,108,Shore Power Recovery Routine for Van Life: A Simple Plug-In Plan That Works 22 February 2026 · 4 mins Categories/Power Tags/Van-Life Tags/Shore Power Tags/Fast Charging Tags/Power Planning Tags/Portable Power Station Categories/Power Tags/Van-Life Tags/Shore Power Tags/Fast Charging Tags/Power Plann,audit/text/tags__shore-power.txt
/tags/shore-power/page/1/,https://example.com/tags/shore-power/,0,,audit/text/tags__shore-power__page__1.txt
/tags/sleep/,Tags/Sleep · Create A Van Life,103,Humidity Night Power Stability: When Heat Won’t Let Your Van Recover 22 February 2026 · 5 mins Categories/Power Tags/Van-Life Tags/Humidity Tags/Heat Tags/Sleep Tags/Recovery Tags/Power Planning Categories/Power Tags/Van-Life Tags/Humidity Tags/Heat Tags/Sleep Tags/Recovery Tags/Power Planning Humid,audit/text/tags__sleep.txt
/tags/sleep/page/1/,https://example.com/tags/sleep/,0,,audit/text/tags__sleep__page__1.txt
/tags/solar/,Tags/Solar · Create A Van Life,889,Van Power Planning Mistakes That Cost You Comfort (and Money) 22 February 2026 · 5 mins Categories/Power Tags/Van-Life Tags/Power Planning Tags/Portable Power Station Tags/Solar Tags/Alternator Charging Tags/Fast Charging Categories/Power Tags/Van-Life Tags/Power Planning Tags/Portable Power Station,audit/text/tags__solar.txt
/tags/solar/page/1/,https://example.com/tags/solar/,0,,audit/text/tags__solar__page__1.txt
/tags/stability/,Tags/Stability · Create A Van Life,81,Van Power Stability Scorecard: A Quick Self-Audit (Fix the Right Thing First) 22 February 2026 · 3 mins Categories/Power Tags/Van-Life Tags/Stability Tags/Scorecard Tags/Recovery Tags/Routines Tags/Fast Charging Categories/Power Tags/Van-Life Tags/Stability Tags/Scorecard Tags/Recovery Tags/Routines,audit/text/tags__stability.txt
/tags/stability/page/1/,https://example.com/tags/stability/,0,,audit/text/tags__stability__page__1.txt
/tags/starter-tier/,Tags/Starter Tier · Create A Van Life,99,Starter Tier Survival Plan: Stay Stable on an Under-$500 Power Setup (700Wh+) 22 February 2026 · 3 mins Categories/Power Tags/Van-Life Tags/Budget Tags/Starter Tier Tags/Recovery Tags/Routines Categories/Power Tags/Van-Life Tags/Budget Tags/Starter Tier Tags/Recovery Tags/Routines The starter tier c,audit/text/tags__starter-tier.txt
/tags/starter-tier/page/1/,https://example.com/tags/starter-tier/,0,,audit/text/tags__starter-tier__page__1.txt
/tags/stealth/,Tags/Stealth · Create A Van Life,104,Quiet Hours Recovery Plan: Stay Powered When You Can’t Be Loud 22 February 2026 · 4 mins Categories/Power Tags/Van-Life Tags/Quiet Hours Tags/Stealth Tags/Recovery Tags/Workflow Tags/Power Planning Categories/Power Tags/Van-Life Tags/Quiet Hours Tags/Stealth Tags/Recovery Tags/Workflow Tags/Power Pl,audit/text/tags__stealth.txt
/tags/stealth/page/1/,https://example.com/tags/stealth/,0,,audit/text/tags__stealth__page__1.txt
/tags/template/,Tags/Template · Create A Van Life,90,Shared Van Power Check-In Template: 2 Minutes in the Morning + 2 Minutes at Night 22 February 2026 · 3 mins Categories/Power Tags/Van-Life Tags/Couples Tags/Template Tags/Workflow Tags/Power Planning Tags/Checklist Categories/Power Tags/Van-Life Tags/Couples Tags/Template Tags/Workflow Tags/Power Pl,audit/text/tags__template.txt
/tags/template/page/1/,https://example.com/tags/template/,0,,audit/text/tags__template__page__1.txt
/tags/tools/,Tags/Tools · Create A Van Life,237,Tools You’ll Actually Use in a First Build 21 February 2026 · 1 min Categories/Blog Tags/Tools Tags/Van-Build Tags/Budget Categories/Blog Tags/Tools Tags/Van-Build Tags/Budget The fastest way to overspend on a build is buying every tool recommended online. Buy First # Drill/driver combo Jigsaw + qua,audit/text/tags__tools.txt
/tags/tools/page/1/,https://example.com/tags/tools/,0,,audit/text/tags__tools__page__1.txt
/tags/upgrades/,Tags/Upgrades · Create A Van Life,793,"Van Power Upgrade Planning Mistakes: Avoid Bad Timing, Bad Assumptions, and Expensive Friction 22 February 2026 · 3 mins Categories/Power Tags/Van-Life Tags/Upgrades Tags/Planning Tags/Mistakes Tags/Recovery Tags/Fast Charging Categories/Power Tags/Van-Life Tags/Upgrades Tags/Planning Tags/Mistakes ",audit/text/tags__upgrades.txt
/tags/upgrades/page/1/,https://example.com/tags/upgrades/,0,,audit/text/tags__upgrades__page__1.txt
/tags/van-build/,Tags/Van-Build · Create A Van Life,811,Ventilation Mistakes New Van Lifers Make 21 February 2026 · 1 min Categories/Blog Tags/Ventilation Tags/Comfort Tags/Van-Build Categories/Blog Tags/Ventilation Tags/Comfort Tags/Van-Build Bad airflow causes more daily frustration than most first-time builders expect. Mistake 1: No Crossflow Plan # A,audit/text/tags__van-build.txt
/tags/van-build/page/1/,https://example.com/tags/van-build/,0,,audit/text/tags__van-build__page__1.txt
/tags/van-life/,Tags/Van-Life · Create A Van Life,947,Workday Power Boundaries: Keep Remote Work Stable in Van Life 22 February 2026 · 5 mins Categories/Power Tags/Van-Life Tags/Remote Work Tags/Workflow Tags/Recovery Tags/Power Planning Categories/Power Tags/Van-Life Tags/Remote Work Tags/Workflow Tags/Recovery Tags/Power Planning Remote work in a van,audit/text/tags__van-life.txt
/tags/van-life/page/1/,https://example.com/tags/van-life/,0,,audit/text/tags__van-life__page__1.txt
/tags/van-life/page/2/,Tags/Van-Life · Create A Van Life,1009,Van Power Recovery Stack: A Step-by-Step System for Stable Van Life Power 22 February 2026 · 4 mins Categories/Power Tags/Van-Life Tags/Power Planning Tags/Recovery Tags/Workflow Tags/Portable Power Station Categories/Power Tags/Van-Life Tags/Power Planning Tags/Recovery Tags/Workflow Tags/Portable ,audit/text/tags__van-life__page__2.txt
/tags/van-life/page/3/,Tags/Van-Life · Create A Van Life,929,Shore Power Recovery Routine for Van Life: A Simple Plug-In Plan That Works 22 February 2026 · 4 mins Categories/Power Tags/Van-Life Tags/Shore Power Tags/Fast Charging Tags/Power Planning Tags/Portable Power Station Categories/Power Tags/Van-Life Tags/Shore Power Tags/Fast Charging Tags/Power Plann,audit/text/tags__van-life__page__3.txt
/tags/van-life/page/4/,Tags/Van-Life · Create A Van Life,1061,Midday Van Power Check: Prevent the Late-Day Spiral 22 February 2026 · 3 mins Categories/Power Tags/Van-Life Tags/Routines Tags/Recovery Tags/Workflow Tags/Power Planning Categories/Power Tags/Van-Life Tags/Routines Tags/Recovery Tags/Workflow Tags/Power Planning Most van power “emergencies” are jus,audit/text/tags__van-life__page__4.txt
/tags/van-life/page/5/,Tags/Van-Life · Create A Van Life,945,Cook or Conserve? A Van Life Power Decision Guide for Electric Cooking Days 22 February 2026 · 4 mins Categories/Power Tags/Van-Life Tags/Cooking Tags/Power Planning Tags/Workflow Tags/Portable Power Station Categories/Power Tags/Van-Life Tags/Cooking Tags/Power Planning Tags/Workflow Tags/Portable ,audit/text/tags__van-life__page__5.txt
/tags/van-life/page/6/,Tags/Van-Life · Create A Van Life,225,How to Start Van Life on a Budget 21 February 2026 · 1 min Categories/Blog Tags/Budget Tags/Beginner Tags/Van-Life Categories/Blog Tags/Budget Tags/Beginner Tags/Van-Life Starting van life on a budget is mostly about sequencing. People overspend when they buy comfort upgrades before core systems. Ph,audit/text/tags__van-life__page__6.txt
/tags/ventilation/,Tags/Ventilation · Create A Van Life,602,Ventilation Mistakes New Van Lifers Make 21 February 2026 · 1 min Categories/Blog Tags/Ventilation Tags/Comfort Tags/Van-Build Categories/Blog Tags/Ventilation Tags/Comfort Tags/Van-Build Bad airflow causes more daily frustration than most first-time builders expect. Mistake 1: No Crossflow Plan # A,audit/text/tags__ventilation.txt
/tags/ventilation/page/1/,https://example.com/tags/ventilation/,0,,audit/text/tags__ventilation__page__1.txt
/tags/watt-hours/,Tags/Watt-Hours · Create A Van Life,98,"How Many Watt-Hours Do I Need in a Van? 22 February 2026 · 1 min Categories/Blog Tags/Power Tags/Watt-Hours Tags/Planning Tags/Van-Life Categories/Blog Tags/Power Tags/Watt-Hours Tags/Planning Tags/Van-Life Sizing your system starts with daily behavior, not product marketing. Track real device use f",audit/text/tags__watt-hours.txt
/tags/watt-hours/page/1/,https://example.com/tags/watt-hours/,0,,audit/text/tags__watt-hours__page__1.txt
/tags/wifi/,Tags/Wifi · Create A Van Life,401,"Van Internet: What Actually Works Off-Grid 21 February 2026 · 1 min Categories/Blog Tags/Internet Tags/Wifi Tags/Remote Work Categories/Blog Tags/Internet Tags/Wifi Tags/Remote Work Reliable van internet comes from layered redundancy, not one magic device. Baseline Setup # Primary hotspot with exter",audit/text/tags__wifi.txt
/tags/wifi/page/1/,https://example.com/tags/wifi/,0,,audit/text/tags__wifi__page__1.txt
/tags/windows/,Tags/Windows · Create A Van Life,135,CRL T-Vent Windows for ProMaster Review 21 February 2026 · 1 min Categories/Gear Tags/Windows Tags/Promaster Tags/Ventilation Tags/Comfort Categories/Gear Tags/Windows Tags/Promaster Tags/Ventilation Tags/Comfort CRL T-Vent windows are one of the highest-impact upgrades for crossflow in ProMaster bu,audit/text/tags__windows.txt
/tags/windows/page/1/,https://example.com/tags/windows/,0,,audit/text/tags__windows__page__1.txt
/tags/work/,Tags/Work · Create A Van Life,104,Work Pressure Van Power Recovery: Stay Stable During Deadline Weeks 22 February 2026 · 2 mins Categories/Power Tags/Van-Life Tags/Work Tags/Deadlines Tags/Recovery Tags/Routines Tags/Fast Charging Categories/Power Tags/Van-Life Tags/Work Tags/Deadlines Tags/Recovery Tags/Routines Tags/Fast Charging ,audit/text/tags__work.txt
/tags/work/page/1/,https://example.com/tags/work/,0,,audit/text/tags__work__page__1.txt
/tags/workflow/,Tags/Workflow · Create A Van Life,968,Workday Power Boundaries: Keep Remote Work Stable in Van Life 22 February 2026 · 5 mins Categories/Power Tags/Van-Life Tags/Remote Work Tags/Workflow Tags/Recovery Tags/Power Planning Categories/Power Tags/Van-Life Tags/Remote Work Tags/Workflow Tags/Recovery Tags/Power Planning Remote work in a van,audit/text/tags__workflow.txt
/tags/workflow/page/1/,https://example.com/tags/workflow/,0,,audit/text/tags__workflow__page__1.txt
/tags/workflow/page/2/,Tags/Workflow · Create A Van Life,659,Overnight Van Power Checklist: The 60-Second Routine That Protects Tomorrow 22 February 2026 · 3 mins Categories/Power Tags/Van-Life Tags/Overnight Tags/Power Checklist Tags/Inverter Tags/Workflow Tags/Power Planning Categories/Power Tags/Van-Life Tags/Overnight Tags/Power Checklist Tags/Inverter Ta,audit/text/tags__workflow__page__2.txt
/tier-2-bad-week-protocol/,Tier 2 Bad Week Protocol: Stay Stable on an Under-$1000 Setup · Create A Van Life,616,Tier 2 Bad Week Protocol: Stay Stable on an Under-$1000 Setup 22 February 2026 · 3 mins Categories/Power Tags/Van-Life Tags/Bad Week Tags/Recovery Tags/Fast Charging Tags/Budget Tags/Routines Categories/Power Tags/Van-Life Tags/Bad Week Tags/Recovery Tags/Fast Charging Tags/Budget Tags/Routines Tabl,audit/text/tier-2-bad-week-protocol.txt
/under-1000-upgrade-plan/,Under-$1000 Upgrade Plan: Use Fast Charging to Stay Stable (700Wh+) · Create A Van Life,670,Under-$1000 Upgrade Plan: Use Fast Charging to Stay Stable (700Wh+) 22 February 2026 · 3 mins Categories/Power Tags/Van-Life Tags/Budget Tags/Upgrades Tags/Fast Charging Tags/Recovery Categories/Power Tags/Van-Life Tags/Budget Tags/Upgrades Tags/Fast Charging Tags/Recovery Table of Contents Table of,audit/text/under-1000-upgrade-plan.txt
/van-power-comfort-budget/,Van Power Comfort Budget: Agree on Baseline vs Optional Loads · Create A Van Life,824,Van Power Comfort Budget: Agree on Baseline vs Optional Loads 22 February 2026 · 4 mins Categories/Power Tags/Van-Life Tags/Couples Tags/Comfort Tags/Power Planning Tags/Recovery Categories/Power Tags/Van-Life Tags/Couples Tags/Comfort Tags/Power Planning Tags/Recovery Table of Contents Table of Con,audit/text/van-power-comfort-budget.txt
/van-power-conflict-reset-script/,Van Power Conflict Reset Script (30–60 Seconds) · Create A Van Life,961,"Van Power Conflict Reset Script (30–60 Seconds) 22 February 2026 · 5 mins Table of Contents Table of Contents When the battery is low, everything feels personal . Heat, devices, hunger, bad sleep, noise—your nervous system treats it like an emergency. This page gives you a short reset script you can",audit/text/van-power-conflict-reset-script.txt
/van-power-planning-mistakes/,Van Power Planning Mistakes That Cost You Comfort (and Money) · Create A Van Life,975,Van Power Planning Mistakes That Cost You Comfort (and Money) 22 February 2026 · 5 mins Categories/Power Tags/Van-Life Tags/Power Planning Tags/Portable Power Station Tags/Solar Tags/Alternator Charging Tags/Fast Charging Categories/Power Tags/Van-Life Tags/Power Planning Tags/Portable Power Station,audit/text/van-power-planning-mistakes.txt
/van-power-recovery-stack/,Van Power Recovery Stack: A Step-by-Step System for Stable Van Life Power · Create A Van Life,880,Van Power Recovery Stack: A Step-by-Step System for Stable Van Life Power 22 February 2026 · 4 mins Categories/Power Tags/Van-Life Tags/Power Planning Tags/Recovery Tags/Workflow Tags/Portable Power Station Categories/Power Tags/Van-Life Tags/Power Planning Tags/Recovery Tags/Workflow Tags/Portable ,audit/text/van-power-recovery-stack.txt
/van-power-stability-scorecard/,Van Power Stability Scorecard: A Quick Self-Audit (Fix the Right Thing First) · Create A Van Life,510,Van Power Stability Scorecard: A Quick Self-Audit (Fix the Right Thing First) 22 February 2026 · 3 mins Categories/Power Tags/Van-Life Tags/Stability Tags/Scorecard Tags/Recovery Tags/Routines Tags/Fast Charging Categories/Power Tags/Van-Life Tags/Stability Tags/Scorecard Tags/Recovery Tags/Routines,audit/text/van-power-stability-scorecard.txt
/van-power-upgrade-checklist/,Van Power Upgrade Checklist: Buy the Right Fix (Recovery-First) · Create A Van Life,741,Van Power Upgrade Checklist: Buy the Right Fix (Recovery-First) 22 February 2026 · 4 mins Categories/Power Tags/Van-Life Tags/Power Planning Tags/Upgrades Tags/Checklist Tags/Recovery Categories/Power Tags/Van-Life Tags/Power Planning Tags/Upgrades Tags/Checklist Tags/Recovery Table of Contents Tabl,audit/text/van-power-upgrade-checklist.txt
/van-power-upgrade-decision-tree/,Van Power Upgrade Decision Tree: Choose the Next Best Move (Without Panic Spending) · Create A Van Life,457,Van Power Upgrade Decision Tree: Choose the Next Best Move (Without Panic Spending) 22 February 2026 · 2 mins Categories/Power Tags/Van-Life Tags/Upgrades Tags/Decision Tree Tags/Recovery Tags/Fast Charging Tags/Routines Categories/Power Tags/Van-Life Tags/Upgrades Tags/Decision Tree Tags/Recovery T,audit/text/van-power-upgrade-decision-tree.txt
/van-power-upgrade-mistakes/,Van Power Upgrade Mistakes: The Wrong Fix Patterns (and What to Do Instead) · Create A Van Life,645,Van Power Upgrade Mistakes: The Wrong Fix Patterns (and What to Do Instead) 22 February 2026 · 3 mins Categories/Power Tags/Van-Life Tags/Upgrades Tags/Mistakes Tags/Recovery Tags/Fast Charging Tags/Routines Categories/Power Tags/Van-Life Tags/Upgrades Tags/Mistakes Tags/Recovery Tags/Fast Charging ,audit/text/van-power-upgrade-mistakes.txt
/van-power-upgrade-paths/,Van Power Upgrade Paths: What to Change Next (Without Buying the Wrong Fix) · Create A Van Life,682,Van Power Upgrade Paths: What to Change Next (Without Buying the Wrong Fix) 22 February 2026 · 3 mins Categories/Power Tags/Van-Life Tags/Power Planning Tags/Upgrades Tags/Recovery Tags/Portable Power Station Categories/Power Tags/Van-Life Tags/Power Planning Tags/Upgrades Tags/Recovery Tags/Portabl,audit/text/van-power-upgrade-paths.txt
/van-power-upgrade-planning-mistakes/,"Van Power Upgrade Planning Mistakes: Avoid Bad Timing, Bad Assumptions, and Expensive Friction · Create A Van Life",508,"Van Power Upgrade Planning Mistakes: Avoid Bad Timing, Bad Assumptions, and Expensive Friction 22 February 2026 · 3 mins Categories/Power Tags/Van-Life Tags/Upgrades Tags/Planning Tags/Mistakes Tags/Recovery Tags/Fast Charging Categories/Power Tags/Van-Life Tags/Upgrades Tags/Planning Tags/Mistakes ",audit/text/van-power-upgrade-planning-mistakes.txt
/van-power-weekly-reset-routine/,Van Power Weekly Reset Routine: Stay Out of Recovery Mode · Create A Van Life,990,Van Power Weekly Reset Routine: Stay Out of Recovery Mode 22 February 2026 · 5 mins Categories/Power Tags/Van-Life Tags/Power Planning Tags/Recovery Tags/Workflow Tags/Routines Categories/Power Tags/Van-Life Tags/Power Planning Tags/Recovery Tags/Workflow Tags/Routines Table of Contents Table of Con,audit/text/van-power-weekly-reset-routine.txt
/what-700wh-actually-runs/,What 700Wh Actually Runs in Van Life: Real-World Examples (and the Recovery Factor) · Create A Van Life,1009,What 700Wh Actually Runs in Van Life: Real-World Examples (and the Recovery Factor) 22 February 2026 · 5 mins Categories/Power Tags/Van-Life Tags/700wh Tags/Power Planning Tags/Portable Power Station Tags/Fast Charging Categories/Power Tags/Van-Life Tags/700wh Tags/Power Planning Tags/Portable Power,audit/text/what-700wh-actually-runs.txt
/work-pressure-van-power-recovery/,Work Pressure Van Power Recovery: Stay Stable During Deadline Weeks · Create A Van Life,377,Work Pressure Van Power Recovery: Stay Stable During Deadline Weeks 22 February 2026 · 2 mins Categories/Power Tags/Van-Life Tags/Work Tags/Deadlines Tags/Recovery Tags/Routines Tags/Fast Charging Categories/Power Tags/Van-Life Tags/Work Tags/Deadlines Tags/Recovery Tags/Routines Tags/Fast Charging ,audit/text/work-pressure-van-power-recovery.txt
/workday-power-boundaries/,Workday Power Boundaries: Keep Remote Work Stable in Van Life · Create A Van Life,1083,Workday Power Boundaries: Keep Remote Work Stable in Van Life 22 February 2026 · 5 mins Categories/Power Tags/Van-Life Tags/Remote Work Tags/Workflow Tags/Recovery Tags/Power Planning Categories/Power Tags/Van-Life Tags/Remote Work Tags/Workflow Tags/Recovery Tags/Power Planning Table of Contents Ta,audit/text/workday-power-boundaries.txt
